企业名称,工作地点,岗位名称,岗位工资,平均工资,相关专业,学历要求,待遇
绝味食品股份有限公司,全国,供应链管培生,3K-6K/月,4500.0,生物科学类，生物工程，食品科学与工程类，自动化，物流管理,大专及以上,包吃包住 健康体检 岗位晋升 带薪年假
维新制漆（江西）有限公司,萍乡市,技术见习生2,4K-6K/月,5000.0,材料化学，高分子材料与工程，化学工程与工艺，化学工程与工业生物工程，化工与制药类,大专及以上,年底双薪 绩效奖金 岗前培训 岗位晋升 带薪年假 包吃包住 健康体检
维新制漆（江西）有限公司,萍乡市,技术见习生1,4K-6K/月,5000.0,化学类，应用化学，化学，化学生物学，地球化学,大专及以上,年底双薪 绩效奖金 带薪年假 包吃包住 岗前培训 健康体检 岗位晋升
莱因特电子系统（上海）有限公司,上海市,销售,4K-6K/月,5000.0,化学，化学生物学，农学,大专及以上,年底双薪 年度旅游 节日礼物 带薪年假 餐补 健康体检
上饶市康可得生物科技有限公司,上饶市,动物实验技术员,3.6K-6K/月,4800.0,生物医学工程类，生物制药，生物工程，生物工程类，动物医学类,本科及以上,绩效奖金 带薪年假 岗位晋升 年度旅游 年底双薪 房补 岗前培训
康龙化成（北京）新药技术股份有限公司,北京市,药物代谢及药代动力学研究员,5K-16K/月,10500.0,动物药学，动物科学，生物技术，化工与制药类，药学类,本科及以上,绩效奖金 带薪年假 餐补 免费班车 节日礼物 岗位晋升
康龙化成（北京）新药技术股份有限公司,北京市,药理学研究员,5K-16K/月,10500.0,生物科学，生物技术，化工与制药类，动物科学，应用生物科学,本科及以上,绩效奖金 带薪年假 餐补 免费班车 节日礼物 岗位晋升
北京赛普瑞生科技开发有限责任公司,廊坊市 北京市,仪器工程师,4K-6K/月,5000.0,高分子材料与工程，应用化学，化学生物学，材料化学，仪器类,本科及以上,
湖北大峪口化工有限责任公司,荆门市,化工专业,2.5K-4.5K/月,3500.0,化学类，应用化学，化学工程与工艺，化学工程与工业生物工程，化学,本科及以上,带薪年假 房补 餐补 包吃包住 免费班车
云南震安减震科技股份有限公司,昆明市,橡胶工艺员,3.5K-5K/月,4250.0,化学类，化学，应用化学，材料化学，高分子材料与工程，化学工程与工艺，化学工程与工业生物工程,本科及以上,五险一金 节日礼物 年度旅游 岗位晋升 带薪年假 餐补 免费班车 员工旅游 健康体检
扬子江药业集团有限公司,全国,市场推广员,6K-12K/月,9000.0,化学生物学，生物技术，应用生物科学，动物药学，市场营销,本科及以上,绩效奖金 年度旅游 岗位晋升 包吃包住 弹性工作
贵州安吉航空精密铸造有限责任公司,安顺市,化学分析技术员,3K-4K/月,3500.0,化学类，化学，应用化学，化学生物学,本科及以上,绩效奖金 岗前培训 扁平管理 岗位晋升 带薪年假 交通补助 餐补 房补 免费班车 健康体检
怀化正大有限公司,怀化市 邵阳市 张家界市 湘西州 铜仁地区 黔东南州 遵义市 黔南州,养殖技术服务代表,4.5K-15K/月,9750.0,制药工程，食品科学与工程，食品质量与安全，生物工程，药学,本科及以上,岗前培训 岗位晋升 绩效奖金 差旅费 年终奖 年度调薪 带薪年假 过节福利 健康体检 弹性工作
广东广康生化科技股份有限公司,清远市,分析与检验,3K-5K/月,4000.0,生物工程,大专及以上,绩效奖金 岗前培训 年度旅游 岗位晋升 免费班车 包吃包住 健康体检
广州市白云区欧妆化妆品厂,广州市,打板员,2.6K-4.5K/月,3550.0,化学类，应用化学，化学生物学,大专及以上,年底双薪 岗前培训 节日礼物 岗位晋升 员工旅游 带薪年假 包吃包住 健康体检
广州市白云区欧妆化妆品厂,广州市,乳化工艺学员,2.6K-4.5K/月,3550.0,化学类，应用化学，化学生物学,本科及以上,年底双薪 节日礼物 岗位晋升 带薪年假 健康体检 包吃包住 员工旅游
郑州睿信知识产权代理有限公司,郑州市,专利工程师（生物化学）,4.5K-6K/月,5250.0,应用化学，生物技术,硕士及以上,年底双薪 绩效奖金 岗前培训 扁平管理 年度旅游 岗位晋升 弹性工作 带薪年假
湖南可菲香精香料科技有限公司,湘潭市,研究助理,3K-8K/月,5500.0,化学，制药工程，食品科学与工程，生物工程,大专及以上,年底双薪 绩效奖金 岗前培训 节日礼物 年度旅游 岗位晋升 员工旅游 免费班车 包吃包住 健康体检
湖南可菲香精香料科技有限公司,湘潭市,调香助理,3K-8K/月,5500.0,化学，制药工程，食品科学与工程，生物工程,大专及以上,年底双薪 绩效奖金 岗前培训 节日礼物 年度旅游 员工旅游 免费班车 包吃包住 健康体检
湖南可菲香精香料科技有限公司,湘潭市,分析员,3K-8K/月,5500.0,化学，制药工程，食品科学与工程，生物工程,大专及以上,年底双薪 绩效奖金 节日礼物 年度旅游 岗位晋升 免费班车 员工旅游 包吃包住 健康体检
广州慧扬健康科技有限公司,广州市,商务助理（软硬件系统集成）,5K-7K/月,6000.0,数学类，数学与应用数学，信息与计算科学，数理基础科学，物理学类，物理学，应用物理学，核物理，声学，化学类，化学，应用化学，化学生物学，分子科学与工程，天文学类，天文学，地理科学类，地理科学，自然地理与资源环境，人文地理与城乡规划，地理信息科学，大气科学类，大气科学，应用气象学，海洋科学类，海洋科学，海洋技术，海洋资源与环境，军事海洋学，地球物理学类，地球物理学，空间科学与技术，地质学类，地质学，地球化学，地球信息科学与技术，古生物学，生物科学类，生物科学，生物技术，生物信息学，生态学，心理学类，心理学，应,本科及以上,绩效奖金 岗前培训 节日礼物 扁平管理 岗位晋升 员工旅游 房补 餐补 带薪年假 健康体检
中国人寿财产保险股份有限公司郴州市中心支公司,郴州市,农业保险管理岗,4K-11K/月,7500.0,植物生产类，农学，园艺，植物保护，植物科学与技术，种子科学与工程，设施农业科学与工程，茶学，烟草，应用生物科学，农艺教育，园艺教育，自然保护与环境生态类，农业资源与环境，野生动物与自然保护区管理，水土保持与荒漠化防治，动物生产类，动物科学，蚕学，蜂学，动物医学类，动物医学，动物药学，动植物检疫，林学类，林学，园林，森林保护，水产类，水产养殖学，海洋渔业科学与技术，水族科学与技术，草学类，草业科学，数学类，数学与应用数学，信息与计算科学，数理基础科学，物理学类，物理学，应用物理学，核物理，声学，化学类，化学,本科及以上,绩效奖金 岗前培训 节日礼物 岗位晋升 带薪年假 交通补助 餐补 房补 健康体检
福格森（武汉）生物科技股份有限公司,武汉市,质管部QA,3K-5K/月,4000.0,化工与制药类，生物制药，中药制药,本科及以上,绩效奖金 年底双薪 岗前培训 节日礼物 年度旅游  优质免费员工餐 健康体检 带薪年假 免费通勤车
紫金道合（江西）环保产业技术研究院有限公司,南昌市,环保技术员,3.4K-5K/月,4200.0,给排水科学与工程，化学工程与工艺，化学工程与工业生物工程，地下水科学与工程，环境科学与工程，环境科学，环境工程，环境科学与工程类，环境生态工程，资源环境科学，环保设备工程,本科及以上,交通补助 餐补 带薪年假 健康体检 绩效奖金 岗前培训
青拓集团有限公司,宁德市,化验室技术员,3.5K-5K/月,4250.0,应用化学，化学生物学,本科及以上,包住 餐补 节日礼物 绩效奖金 岗前培训发展空间大
湖南力合星空孵化器管理有限公司,宿州市 襄樊市 湘潭市 深圳市,农艺主管,3K-5K/月,4000.0,农学，园艺，植物保护，园林，生物技术,本科及以上,绩效奖金 年底双薪 岗前培训 餐补 交通补助 健康体检 包吃包住 弹性工作 岗位晋升 年度旅游
上海英拜生物科技有限公司,上海市,技术助理,4K-6K/月,5000.0,生物科学，生物技术，生物科学类，生物信息学,本科及以上,
斯芬克司药物研发（天津）股份有限公司,天津市 盘锦市 焦作市,合成助理研究员,4K-6K/月,5000.0,生物工程，生物制药，生物工程类,本科及以上,年底双薪 绩效奖金 岗前培训 节日礼物 扁平管理 年度旅游 岗位晋升 带薪年假 免费班车 员工旅游
斯芬克司药物研发（天津）股份有限公司,盘锦市 天津市 焦作市,合成研究员,7K-9K/月,8000.0,药物化学，生物工程类，生物工程，生物制药,不限,年底双薪 绩效奖金 岗前培训 节日礼物 扁平管理 年度旅游 岗位晋升 带薪年假 免费班车 包吃包住
斯芬克司药物研发（天津）股份有限公司,盘锦市,QA专员,4K-6K/月,5000.0,化工与制药类，化学工程与工艺，生物制药，生物工程类，生物医学工程,大专及以上,绩效奖金 岗前培训 节日礼物 扁平管理 年度旅游 岗位晋升 带薪年假 免费班车 员工旅游 包吃包住
新凤鸣集团股份有限公司,嘉兴市,PTA分析技术员,3.5K-5K/月,4250.0,化学，化学工程与工艺，能源化学工程，化学工程与工业生物工程，药物分析,大专及以上,免费班车 房补 餐补 带薪年假 包吃包住 健康体检
中国人寿财产保险股份有限公司郴州市中心支公司,郴州市,理算岗,4K-11K/月,7500.0,经济学类，经济学，经济统计学，国民经济管理，资源与环境经济学，商务经济学，能源经济，财政学类，财政学，税收学，金融学类，金融学，金融工程，保险学，投资学，金融数学，信用管理，经济与金融，经济与贸易类，国际经济与贸易，贸易经济，数学类，数学与应用数学，信息与计算科学，数理基础科学，物理学类，物理学，应用物理学，核物理，声学，化学类，化学，应用化学，化学生物学，分子科学与工程，天文学类，天文学，地理科学类，地理科学，自然地理与资源环境，人文地理与城乡规划，地理信息科学，大气科学类，大气科学，应用气象学，海洋科,本科及以上,绩效奖金 岗前培训 节日礼物 岗位晋升 带薪年假 交通补助 餐补 房补 员工旅游 健康体检
中国人寿财产保险股份有限公司郴州市中心支公司,郴州市,出单岗,4K-9K/月,6500.0,经济学类，经济学，经济统计学，国民经济管理，资源与环境经济学，商务经济学，能源经济，财政学类，财政学，税收学，金融学类，金融学，金融工程，保险学，投资学，金融数学，信用管理，经济与金融，经济与贸易类，国际经济与贸易，贸易经济，数学类，数学与应用数学，信息与计算科学，数理基础科学，物理学类，物理学，应用物理学，核物理，声学，化学类，化学，应用化学，化学生物学，分子科学与工程，天文学类，天文学，地理科学类，地理科学，自然地理与资源环境，人文地理与城乡规划，地理信息科学，大气科学类，大气科学，应用气象学，海洋科,本科及以上,绩效奖金 岗前培训 节日礼物 岗位晋升 带薪年假 交通补助 餐补 房补 员工旅游 健康体检
嘉兴石化有限公司,嘉兴市,PTA工艺员,4.5K-15K/月,9750.0,应用化学，化学工程与工艺，化学类，化学，化学工程与工业生物工程,大专及以上,员工培训 岗位晋升 带薪年假15天  餐补 房补 免费班车 健康体检等
苏州晶云药物科技有限公司,苏州市,苏州晶云药物2018年校园招聘,5K-8K/月,6500.0,化学，化学生物学，化学类，应用化学,本科及以上,
斯芬克司药物研发（天津）股份有限公司,盘锦市,分析研究员,4K-6K/月,5000.0,化学工程与工业生物工程，生物医学工程，生物工程类，生物制药，生物工程，化学工程与工艺，化工与制药类,大专及以上,绩效奖金 岗前培训 岗位晋升 扁平管理 年度旅游 带薪年假 免费班车 员工旅游 包吃包住 健康体检
斯芬克司药物研发（天津）股份有限公司,盘锦市,工艺工程师,4K-6K/月,5000.0,化学工程与工艺，化工与制药类，制药工程，生物医学工程类，生物医学工程，生物工程类，生物制药,大专及以上,带薪年假 包吃包住 健康体检 免费班车 年度旅游 绩效奖金 岗前培训 岗位晋升 扁平管理
湖南和畅食品科技有限公司,湘潭市,品控员,3K-4K/月,3500.0,食品质量与安全，化学生物学,本科及以上,年底双薪 员工旅游 交通补助 包吃包住 绩效奖金 岗位晋升
佛山市南海区中科半导体科技促进中心,佛山市,项目专员,4K-6K/月,5000.0,汉语言文学，物理学，机械类，电子信息类，生物工程,大专及以上,年底双薪 绩效奖金 岗前培训 节日礼物 扁平管理 年度旅游 岗位晋升 带薪年假 员工旅游
茂名市人力资源和社会保障局,茂名市,茂名市高新技术产业开发区事业单位编制人员,5K-7K/月,6000.0,德语，化学工程与工艺，化学工程与工业生物工程,硕士及以上,全额财政拨款的事业单位编制人员
北京博云华康基因科技有限公司,北京市,信息分析工程师,6K-12K/月,9000.0,软件工程，计算机类，计算机科学与技术，生物医学工程类，生物医学工程,本科及以上,绩效奖金 弹性工作 带薪年假 员工旅游 年度旅游 节日礼物
广州王老吉大健康产业有限公司,全国,驻点生产管理员,5K-6K/月,5500.0,生物技术，制药工程，化学工程与工业生物工程，食品科学与工程类，药学,本科及以上,年终奖、利润奖、业绩奖、餐补、提供住宿、话费补贴、年假
湖南加农正和生物技术有限公司,全国,大客户开发,6K-10K/月,8000.0,制药工程，生物工程，计算机科学与技术，微生物与生化药学，市场营销,本科及以上,绩效奖金 岗前培训 年度旅游 岗位晋升 员工旅游 交通补助 包吃包住 弹性工作
上海德联化工有限公司,上海市,质检员,4K-5.5K/月,4750.0,化学类，应用化学，化学，化学生物学，分子科学与工程,大专及以上,年底双薪 绩效奖金 岗前培训 节日礼物 岗位晋升 带薪年假 交通补助 免费班车 员工旅游 包吃包住
河南省安装集团有限责任公司,洛阳市,工程师助理（生物工程）,5.7K-7K/月,6350.0,生物工程，食品科学，食品科学与工程,本科及以上,绩效奖金 岗前培训 股票期权 带薪年假 餐补 健康体检
上海微谱化工技术服务有限公司广州分公司,广州市,销售工程师,6K-8K/月,7000.0,化学，应用化学，生物技术，化学工程与工艺，制药工程,大专及以上,六险一金  绩效奖金 岗前培训 节日礼物 扁平管理 年度旅游 岗位晋升 带薪年假 员工旅游 健康体检
深圳市奔强电路有限公司,深圳市,技术销售工程师,4.5K-20K/月,12250.0,数学类，数学与应用数学，信息与计算科学，数理基础科学，物理学类，物理学，应用物理学，核物理，声学，化学类，化学，应用化学，化学生物学，分子科学与工程，天文学类，天文学，地理科学类，地理科学，自然地理与资源环境，人文地理与城乡规划，地理信息科学，大气科学类，大气科学，应用气象学，海洋科学类，海洋科学，海洋技术，海洋资源与环境，军事海洋学，地球物理学类，地球物理学，空间科学与技术，地质学类，地质学，地球化学，地球信息科学与技术，古生物学，生物科学类，生物科学，生物技术，生物信息学，生态学，心理学类，心理学，应,本科及以上,绩效奖金 岗前培训 扁平管理 年度旅游 岗位晋升 股票期权 弹性工作 带薪年假 交通补助 员工旅游
上海起航企业管理咨询股份有限公司,上海市 深圳市,管理咨询顾问,8K-18K/月,13000.0,经济学类，经济学，经济统计学，国民经济管理，资源与环境经济学，商务经济学，能源经济，财政学类，财政学，税收学，金融学类，金融学，金融工程，保险学，投资学，金融数学，信用管理，经济与金融，经济与贸易类，国际经济与贸易，贸易经济，数学类，数学与应用数学，信息与计算科学，数理基础科学，物理学类，物理学，化学类，化学，应用化学，化学生物学，分子科学与工程，天文学类，天文学，地理科学类，地理科学，自然地理与资源环境，人文地理与城乡规划，地理信息科学，大气科学类，大气科学，应用气象学，海洋科学类，海洋科学，海洋技术,硕士及以上,银行管理咨询
广州酒家集团利口福食品有限公司,广州市,食品检测储备,2.5K-4.5K/月,3500.0,食品质量与安全，食品科学与工程，生物工程，化学,大专及以上,包吃包住
湖南中烟工业有限责任公司,长沙市,博士后,10K-15K/月,12500.0,化学工程与工艺，化学，应用化学，物理学，生物科学,博士及以上,
深圳柏斯生物科技有限公司,深圳市,国际商务助理,4K-5K/月,4500.0,生物医学工程,本科及以上,年底双薪 绩效奖金 岗前培训 节日礼物 扁平管理 年度旅游 岗位晋升 弹性工作 带薪年假
深圳柏斯生物科技有限公司,深圳市,研发助理,3.5K-5.5K/月,4500.0,生物医学工程,本科及以上,年底双薪 绩效奖金 岗前培训 节日礼物 扁平管理 岗位晋升 弹性工作 带薪年假 包吃包住
深圳柏斯生物科技有限公司,深圳市,硬件测试工程师,4K-5K/月,4500.0,生物医学工程，电子信息工程，电气工程及其自动化，自动化,本科及以上,年底双薪 绩效奖金 节日礼物 弹性工作 带薪年假 健康体检 包吃包住
深圳柏斯生物科技有限公司,深圳市,机械工程师,4K-5K/月,4500.0,机械设计制造及其自动化，生物医学工程,本科及以上,年底双薪 绩效奖金 岗前培训 节日礼物 扁平管理 弹性工作 带薪年假 包吃包住
西安华线石油科技有限公司,西安市,油藏工程师/油气藏工程师,3K-8K/月,5500.0,数学类，数学与应用数学，信息与计算科学，数理基础科学，物理学类，物理学，应用物理学，核物理，声学，化学类，化学，应用化学，化学生物学，分子科学与工程，天文学类，天文学，地理科学类，地理科学，自然地理与资源环境，人文地理与城乡规划，地理信息科学，大气科学类，大气科学，应用气象学，海洋科学类，海洋科学，海洋技术，海洋资源与环境，军事海洋学，地球物理学类，地球物理学，空间科学与技术，地质学类，地质学，地球化学，地球信息科学与技术，古生物学，生物科学类，生物科学，生物技术，生物信息学，生态学，心理学类，心理学,硕士及以上,绩效奖金 带薪年假  节日礼物  项目提成
西安华线石油科技有限公司,西安市,销售人员（油田技术）,3K-8K/月,5500.0,数学类，数学与应用数学，信息与计算科学，数理基础科学，物理学类，物理学，应用物理学，核物理，声学，化学类，化学，应用化学，化学生物学，分子科学与工程，天文学类，天文学，地理科学类，地理科学，自然地理与资源环境，人文地理与城乡规划，地理信息科学，大气科学类，大气科学，应用气象学，海洋科学类，海洋科学，海洋技术，海洋资源与环境，军事海洋学，地球物理学类，地球物理学，空间科学与技术，地质学类，地质学，地球化学，地球信息科学与技术，古生物学，生物科学类，生物科学，生物技术，生物信息学，生态学，心理学类，心理学，应,不限,绩效奖金 节日礼物 带薪年假 项目提成
西安贝多环保科技有限公司,西安市,技术整合员,4K-6K/月,5000.0,化学工程与工艺，化学工程与工业生物工程，化学，应用化学，材料化学，化学生物学，化学类,硕士及以上,绩效奖金 岗前培训 年度旅游 岗位晋升
杭州金膳祥生物科技有限公司,杭州市 金华市 温州市 台州市,储备干部,3K-6K/月,4500.0,管理科学，药学，食品科学与工程，生物工程,本科及以上,包吃包住 年底双薪 带薪年假 绩效奖金 岗前培训 节日礼物 交通补助 餐补 扁平管理 年度旅游
杭州金膳祥生物科技有限公司,温州市 杭州市 台州市 金华市,健康顾问,3K-8K/月,5500.0,药品经营与管理，市场营销，制药工程，生物工程，食品科学与工程,大专及以上,年底双薪 弹性工作 绩效奖金 岗前培训 带薪年假 包吃包住 节日礼物 扁平管理 餐补 年度旅游
振德医疗用品股份有限公司,绍兴市,研发类储干,4K-4.5K/月,4250.0,机械设计制造及其自动化，机械工程，材料科学与工程，材料类，生物工程,不限,岗前培训 节日礼物 餐补 房补 员工旅游 健康体检 带薪年假
绍兴兴欣化工有限公司,绍兴市,销售专员,6K-10K/月,8000.0,化学类，化学，化学生物学，化工与制药类，化学工程与工艺,本科及以上,
武汉塞力斯医疗科技股份有限公司,武汉市,研发助理,3K-3.5K/月,3250.0,卫生检验，医学检验技术，临床医学，生物科学，药学,本科及以上,年底双薪 岗前培训 年度旅游 岗位晋升 免费班车
武汉塞力斯医疗科技股份有限公司,武汉市,质量管理员,3K-4K/月,3500.0,卫生检验，生物科学，药学，临床医学，医学检验技术,大专及以上,年底双薪 年度旅游 岗位晋升 免费班车 员工旅游
武汉塞力斯医疗科技股份有限公司,武汉市,产品专员,3K-4.5K/月,3750.0,卫生检验，临床医学，医学检验技术，生物科学,本科及以上,年底双薪 年度旅游 岗位晋升 员工旅游 免费班车 节日礼物
康龙化成（北京）新药技术股份有限公司,北京市 宁波市,有机合成研究员,6K-9K/月,7500.0,化学，化学生物学，化学类，应用化学，地球化学,本科及以上,绩效奖金 岗前培训 节日礼物 岗位晋升 带薪年假 餐补 免费班车
武汉景川诊断技术股份有限公司,武汉市,项目研发负责人,4.5K-6K/月,5250.0,生物工程类，生物工程，生物制药，医学检验，医学检验技术,硕士及以上,绩效奖金 岗前培训 节日礼物 带薪年假 交通补助 餐补 房补 年度旅游
中国科学院亚热带农业生态研究所,长沙市,第三研究中心科研岗位（1）,7K-20K/月,13500.0,化学生物学，生态学，农学,博士及以上,年底双薪 绩效奖金 岗位晋升 带薪年假 餐补 房补 免费班车 健康体检
武汉景川诊断技术股份有限公司,武汉市,研发试项目助理,4K-6K/月,5000.0,生物工程类，生物工程，医学检验，制药工程,本科及以上,绩效奖金 岗位晋升 房补 餐补 交通补助 带薪年假 岗前培训 节日礼物 年度旅游 健康体检
上海佳明航电企业管理有限公司,上海市,技术支持,7K-10K/月,8500.0,数学类，数学与应用数学，信息与计算科学，数理基础科学，物理学类，物理学，应用物理学，核物理，声学，化学类，化学，应用化学，化学生物学，分子科学与工程，天文学类，天文学，地理科学类，地理科学，自然地理与资源环境，人文地理与城乡规划，地理信息科学，大气科学类，大气科学，应用气象学，海洋科学类，海洋科学，海洋技术，海洋资源与环境，军事海洋学，地球物理学类，地球物理学，空间科学与技术，地质学类，地质学，地球化学，地球信息科学与技术，古生物学，生物科学类，生物科学，生物技术，生物信息学，生态学，心理学类，心理学,本科及以上,年底双薪 绩效奖金 岗前培训 节日礼物 员工旅游 餐补 带薪年假 健康体检
湖北东盛特种涂料科技有限公司,武汉市,销售专员,4K-600K/月,302000.0,市场营销，化学工程与工艺，化学工程与工业生物工程,本科及以上,年底双薪 绩效奖金 岗前培训 节日礼物 扁平管理 年度旅游 岗位晋升 弹性工作 带薪年假 交通补助
湖北东盛特种涂料科技有限公司,武汉市,技术支持工程师,3K-4K/月,3500.0,材料化学，化工与制药类，化学工程与工艺，化学工程与工业生物工程,本科及以上,年底双薪 绩效奖金 岗前培训 节日礼物 扁平管理 年度旅游 岗位晋升 弹性工作 带薪年假 交通补助
苏州金唯智生物科技有限公司,昆明市 北京市 上海市 广州市 福州市 厦门市 青岛市 哈尔滨市 长春市 西安市 合肥市,高级销售工程师,3.5K-10K/月,6750.0,生物技术，生物工程，生物科学，生物科学类，农学,不限,绩效奖金 岗前培训 岗位晋升 交通补助 带薪年假 餐补 员工旅游 健康体检
厦门安捷致善医学数据科技有限公司,"厦门市,上海市",高级生物信息分析工程师,8K-10K/月,9000.0,生物信息学,硕士及以上,
厦门安捷致善医学数据科技有限公司,厦门市,生信分析工程师,6K-8K/月,7000.0,生物信息学,本科及以上,年底双薪 绩效奖金 岗前培训 节日礼物 年度旅游 岗位晋升 员工旅游 带薪年假 餐补
厦门安捷致善医学数据科技有限公司,全国,销售管培,5K-6K/月,5500.0,"生物科学，生物技术，生物学,分子生物学,微生物等生物相关专业",本科及以上,年度多次调薪，五险一金，年度分工，弹性工作，高额提成，更多职业发展机会
厦门安捷致善医学数据科技有限公司,厦门市,高级实验工程师,5K-7K/月,6000.0,生物科学类，生物技术，生物科学，生物信息学，生态学,硕士及以上,
湖南省科域生物医药科技有限公司,长沙市,生物实验员,5K-7K/月,6000.0,生物技术，生物科学,本科及以上,年底双薪 绩效奖金 岗前培训 节日礼物 年度旅游 岗位晋升 带薪年假 弹性工作 餐补 房补
东莞波顿香料有限公司,东莞市,初高级助理工程师,5K-15K/月,10000.0,应用化学，化学生物学，化学，药物制剂，药学,本科及以上,年底双薪 弹性工作 房补 餐补 免费班车 年度旅游 节日礼物 岗前培训
湖南省科域生物医药科技有限公司,长沙市,实验设计,5K-10K/月,7500.0,临床医学，医学检验技术，生物技术，生物科学,本科及以上,年底双薪 绩效奖金 岗前培训 节日礼物 年度旅游 带薪年假 餐补 房补 弹性工作
东莞波顿香料有限公司,东莞市,助理工程师,5K-15K/月,10000.0,化学生物学，应用化学，化学，药学类，药物制剂,本科及以上,年底双薪 岗前培训 节日礼物 年度旅游 免费班车 房补 餐补 弹性工作 包吃包住 岗位晋升
上海康成生物工程有限公司,上海市,技术支持（上海）,8K-10K/月,9000.0,农学，植物生产类，基础医学类，生物科学类，生物信息学，生物科学，生物技术,硕士及以上,
重庆药友制药有限责任公司,重庆市,工艺技术员,5.5K-8K/月,6750.0,化学类，生物科学类，药学类,本科及以上,绩效奖金 岗前培训 节日礼物 岗位晋升  交通补助 餐补 房补 包吃包住 健康体检
东莞波顿香料有限公司,东莞市,工程师,5K-15K/月,10000.0,化学生物学，应用化学，生物科学类，药物制剂，药学,本科及以上,免费班车 包吃包住 五险一金 周末双休 高温补贴 社团活动  岗前培训 年底双薪 弹性工作 餐补
厦门翔邦高分子科技有限公司,厦门市,材料工程师,3.5K-4.5K/月,4000.0,化学生物学，化学，应用化学,大专及以上,节日礼物 岗前培训 绩效奖金 带薪年假 交通补助 餐补 房补 员工旅游 岗位晋升
上海佳明航电企业管理有限公司,上海市,商务拓展,7K-9K/月,8000.0,数学类，数学与应用数学，信息与计算科学，数理基础科学，物理学类，物理学，应用物理学，核物理，声学，化学类，化学，应用化学，化学生物学，分子科学与工程，天文学类，天文学，地理科学类，地理科学，自然地理与资源环境，人文地理与城乡规划，地理信息科学，大气科学类，大气科学，应用气象学，海洋科学类，海洋科学，海洋技术，海洋资源与环境，军事海洋学，地球物理学类，地球物理学，空间科学与技术，地质学类，地质学，地球化学，地球信息科学与技术，古生物学，生物科学类，生物科学，生物技术，生物信息学，生态学，心理学类，心理学,本科及以上,年底双薪 绩效奖金 节日礼物 年度旅游 员工旅游 餐补 交通补助 带薪年假
上海森松制药设备工程有限公司,上海市,电仪调试工程师,5K-8K/月,6500.0,机械设计制造及其自动化，过程装备与控制工程，测控技术与仪器，土木工程，生物工程类,本科及以上,
上海森松制药设备工程有限公司,上海市,设计工程师,5K-8K/月,6500.0,机械设计制造及其自动化，自动化类，化学工程与工艺，制药工程，生物工程,本科及以上,绩效奖金  节日礼物  岗位晋升  员工旅游
深圳市卓越文化发展有限公司,深圳市,生地老师,5K-8K/月,6500.0,生物科学,本科及以上,
湖南和畅食品科技有限公司,湘潭市,工艺员,3.5K-5.6K/月,4550.0,化学工程与工艺，化学工程与工业生物工程，化学类，应用化学，化学,大专及以上,年底双薪 绩效奖金 节日礼物 年度旅游 岗位晋升 交通补助 包吃包住 健康体检
上海宸乔生物科技有限公司,上海市,渠道销售代表,5K-6K/月,5500.0,应用化学，生物技术，食品科学与工程，食品质量与安全，药学类,本科及以上,年底双薪 绩效奖金 岗前培训 年度旅游 弹性工作 岗位晋升 股票期权
深圳市合川科技有限公司,深圳市,QC(合川医疗）,3.5K-6K/月,4750.0,环境工程，生物制药，化工与制药类，制药工程,大专及以上,岗前培训 绩效奖金 带薪年假 健康体检 岗位晋升
深圳市合川科技有限公司,深圳市,实验员（合川医疗）,4K-6K/月,5000.0,食品卫生与营养学，药物化学，仪器类，化学工程与工艺，化学工程与工业生物工程，制药工程，生物医学工程类，生物医学工程，食品科学与工程类，食品科学与工程，生物工程类，生物制药,大专及以上,绩效奖金 岗前培训 岗位晋升 带薪年假 健康体检
湖北三宁化工股份有限公司,武汉市,精细磷化工研发工程师,6K-7K/月,6500.0,化工与制药类，化学工程与工艺，化学工程与工业生物工程，能源化学工程，材料化学,硕士及以上,绩效奖金  岗前培训  节日礼物  岗位晋升  餐补  房补  免费班车  员工旅游  包吃包住
福格森（武汉）生物科技股份有限公司,武汉市,质量分析检测/QC,3K-5K/月,4000.0,制药工程，生物制药,本科及以上,绩效奖金 年底双薪 岗前培训 节日礼物 年度旅游  优质免费员工餐 健康体检 带薪年假 免费通勤车
湖南加农正和生物技术有限公司,长沙市,产品研发类,5K-10K/月,7500.0,动物科学，动物医学类，动物医学，动物药学，药物制剂，应用生物科学,本科及以上,岗前培训 岗位晋升 弹性工作 带薪年假 员工旅游 包吃包住
杭州悦萱堂化妆品有限公司,杭州市,研发类,5K-8K/月,6500.0,食品卫生与营养学，中医学类，中药学类，化学类，生物科学类,本科及以上,包吃包住 年底双薪 绩效奖金 岗前培训 节日礼物 年度旅游 岗位晋升 带薪年假 健康体检
神州数码医疗科技股份有限公司,北京市,基础医学人工智能研究员,10K-16K/月,13000.0,智能科学与技术，生物医学工程类，生物医学工程,硕士及以上,绩效奖金 岗前培训 带薪年假 交通补助 餐补 岗位晋升 健康体检
湖北出天蓝环保设备工程有限公司,武汉市,制冷工程师,3K-6K/月,4500.0,化学工程与工艺，化学工程与工业生物工程,本科及以上,绩效奖金 餐补 健康体检 包吃包住
神州数码医疗科技股份有限公司,北京市,医学影像人工智能研究员,8K-15K/月,11500.0,生物医学工程类，生物医学工程,本科及以上,绩效奖金 岗前培训 带薪年假 交通补助 餐补 岗位晋升 健康体检
湖北美天生物科技股份有限公司,黄冈市,QA（武穴市）,4K-8K/月,6000.0,应用化学，化学类，制药工程，生物制药，化工与制药类,大专及以上,QA质量管理
神州数码医疗科技股份有限公司,北京市,生物信息分析员,8K-15K/月,11500.0,电子与计算机工程，生物医学工程类，生物医学工程，生物工程类,本科及以上,绩效奖金 带薪年假 交通补助 餐补 岗位晋升 健康体检
湖北美天生物科技股份有限公司,武汉市,有机合成研发人员,4K-8K/月,6000.0,化学类，应用化学，化学，化学生物学，制药工程,本科及以上,实验室研发岗位 年度旅游 节日礼物 员工旅游
连云港宏业化工有限公司,连云港市,研发工程师,3.5K-5K/月,4250.0,化工与制药类，化学工程与工艺，制药工程，化学工程与工业生物工程，环境工程,本科及以上,绩效奖金 岗前培训 节日礼物 岗位晋升 带薪年假 交通补助 免费班车 员工旅游 包吃包住 健康体检
厦门海乐景生化有限公司,厦门市,有机合成工艺研究员,3K-7K/月,5000.0,化工与制药类，生物制药，制药工程，中药制药,本科及以上,绩效奖金 节日礼物 岗位晋升 弹性工作 餐补 房补 健康体检 年底双薪
上海科胜药物研发有限公司,上海市,有机合成研究员,4K-8K/月,6000.0,化学，化学生物学，应用化学，化学类，分子科学与工程,不限,绩效奖金 岗前培训 节日礼物 年度旅游 岗位晋升 带薪年假 交通补助 餐补 员工旅游 健康体检
郑州市德源精细化学品有限公司,郑州市,售后技术服务,5K-9K/月,7000.0,冶金工程，化学工程与工艺，化学工程与工业生物工程，材料化学,本科及以上,
宜昌东阳光药业股份有限公司,宜昌市,技术研发,5K-7K/月,6000.0,化学，化学生物学,硕士及以上,健康体检 岗前培训 绩效奖金
宜昌东阳光药业股份有限公司,宜昌市,技术员,3K-5K/月,4000.0,化学工程与工艺，生物工程，生物制药，制药工程，化学工程与工业生物工程,本科及以上,绩效奖金 岗位晋升 带薪年假 房补 健康体检 岗前培训 交通补助
武汉中有药业有限公司,鄂州市,QC,3.5K-5K/月,4250.0,药学类，化学类，生物制药,本科及以上,绩效奖金 岗前培训 扁平管理 岗位晋升 免费班车 包吃包住 健康体检
仙桃市中星电子材料有限公司,仙桃市,安监员,3K-3.5K/月,3250.0,工业设计，材料类，材料物理，化学工程与工艺，化学工程与工业生物工程，安全科学与工程类，化工与制药类,大专及以上,1、公司提供食宿，按照星级酒店标准提供人才公寓，拎包入住。
仙桃市中星电子材料有限公司,仙桃市,品质检测员,3K-3.5K/月,3250.0,材料类，材料化学，功能材料，化学工程与工艺，化学工程与工业生物工程,大专及以上,享有薪酬以外的工龄、党员、职称补贴。
宜昌东阳光长江药业股份有限公司,宜昌市,车间工艺员,3.1K-4.5K/月,3800.0,化学类，生物制药，化工与制药类，制药工程，化学工程与工艺,本科及以上,年底双薪   岗前培训   岗位晋升   带薪年假   交通补助   员工旅游  健康体检
宜昌东阳光长江药业股份有限公司,宜昌市,技术员,3.1K-4.5K/月,3800.0,化学类，化学生物学，药学类，生物工程类,本科及以上,年底双薪   岗前培训   岗位晋升   交通补助   带薪年假   员工旅游   健康体检
宜昌东阳光长江药业股份有限公司,宜昌市,QA及QC,3.1K-4.5K/月,3800.0,药物分析，药学类，化学类，化学生物学，生物科学,本科及以上,岗前培训   交通补助   带薪年假   健康体检   员工旅游 岗位晋升 年底双薪
宜昌三峡制药有限公司,宜昌市,药研所研究员,3K-4K/月,3500.0,制药工程，化工与制药类，化学工程与工业生物工程，化学工程与工艺,本科及以上,节日礼物 岗位晋升 带薪年假 交通补助 餐补 房补 健康体检
武汉天衣集团有限公司,武汉市,混凝土技术工程师,3K-5K/月,4000.0,分子科学与工程，化学生物学，应用化学,本科及以上,餐补 交通补助 带薪年假 绩效奖金 年底双薪
武汉联合药业有限责任公司,武汉市 全国,销售经理,20K-40K/月,30000.0,市场营销，生物制药，临床药学，药学类，中药学类,大专及以上,年底双薪 绩效奖金 年度旅游 免费班车 员工旅游 交通补助 带薪年假 岗前培训 岗位晋升 健康体检
广州集泰化工股份有限公司,广州市,技术工程师,4K-5K/月,4500.0,材料化学，材料科学与工程，化学工程与工艺，化学工程与工业生物工程,本科及以上,健康体检 免费班车 员工旅游 岗位晋升 岗前培训
广州集泰化工股份有限公司,广州市,研发工程师,8K-9K/月,8500.0,高分子材料与工程，材料化学，材料科学与工程，化学工程与工艺，化学工程与工业生物工程,硕士及以上,健康体检 员工旅游 岗位晋升 免费班车 岗前培训 通讯补贴
广州集泰化工股份有限公司,广州市,储备干部,4K-5K/月,4500.0,材料类，高分子材料与工程，复合材料与工程，化学工程与工艺，化学工程与工业生物工程,本科及以上,岗前培训 员工旅游 免费班车 健康体检 通讯补贴
浙江创世纪环保科技有限公司,杭州市,实验室检测人员,2.5K-5K/月,3750.0,化学生物学，化学，应用化学，环境工程，环境科学与工程类,大专及以上,岗前培训 年度旅游 岗位晋升 带薪年假 餐补 包吃包住
潜江方圆钛白有限公司,潜江市,研发技术员,3K-6K/月,4500.0,材料科学与工程，高分子材料与工程，化学工程与工艺，化工与制药类，化学工程与工业生物工程,本科及以上,年底双薪 绩效奖金 岗前培训 年度旅游 岗位晋升 带薪年假 员工旅游 包吃包住 健康体检
深圳市卓越文化发展有限公司,深圳市,高级科目教师,5K-15K/月,10000.0,教育学类，数学类，数学与应用数学，信息与计算科学，数理基础科学，物理学类，物理学，应用物理学，核物理，声学，化学类，化学，应用化学，化学生物学，分子科学与工程，天文学类，天文学，地理科学类，地理科学，自然地理与资源环境，人文地理与城乡规划，地理信息科学，大气科学类，大气科学，应用气象学，海洋科学类，海洋科学，海洋技术，海洋资源与环境，军事海洋学，地球物理学类，地球物理学，空间科学与技术，地质学类，地质学，地球化学，地球信息科学与技术，古生物学，生物科学类，生物科学，生物技术，生物信息学，生态学，心理学类，,本科及以上,岗前培训  岗位晋升 弹性工作 包住 员工旅游 节日礼物
湖北葛店人福药用辅料有限责任公司,全国,销售员,5K-10K/月,7500.0,化学工程与工业生物工程，化工与制药类，制药工程，市场营销,大专及以上,绩效奖金 节日礼物 年度旅游 免费班车 包吃包住
维亚生物科技（上海）有限公司,上海市,蛋白纯化研究员,5K-8K/月,6500.0,生物技术，生物科学,本科及以上,年底双薪 绩效奖金 岗前培训 节日礼物 餐补 交通补助 员工旅游 岗位晋升 带薪年假
武汉生物制品研究所有限责任公司,武汉市,销售助理,4K-6K/月,5000.0,药学类，药物制剂，市场营销，工商管理，生物科学类，生物技术,本科及以上,健康体检 绩效奖金 岗前培训 岗位晋升 免费班车 免费中餐 单身公寓
嘉宝莉化工集团股份有限公司,江门市,技术研发类硕士,6K-8K/月,7000.0,化学类，化学，应用化学，化学生物学，化学工程与工艺,硕士及以上,弹性工作 包吃包住 带薪年假 节日礼物 岗前培训  免费班车 员工旅游
嘉宝莉化工集团股份有限公司,江门市,技术研发人员,4K-6K/月,5000.0,化学类，化学，应用化学，化学生物学，地球化学，材料类，材料科学与工程，材料化学，化学工程与工艺，能源化学工程，化学工程与工业生物工程，药物化学,本科及以上,绩效奖金 岗前培训 节日礼物 免费班车 餐补 交通补助 带薪年假 包吃包住 健康体检 岗位晋升
嘉宝莉化工集团股份有限公司,江门市,技术研发（硕士）,6K-8K/月,7000.0,化学类，化学，应用化学，化学生物学，材料类，材料科学与工程，材料化学，化工与制药类，化学工程与工艺，能源化学工程，化学工程与工业生物工程,硕士及以上,绩效奖金 岗前培训 节日礼物  岗位晋升 免费班车 餐补 交通补助 带薪年假 包吃包住 健康体检
浙江精进药业有限公司,台州市,生产储备干部,3K-4K/月,3500.0,应用化学，化学工程与工艺，化学工程与工业生物工程，化工与制药类，制药工程,本科及以上,公司福利：五险一金、标间宿舍、福利性食堂及餐补、公费带薪旅游、公费培训、生日礼金、节日福利和年终奖等
浙江精进药业有限公司,台州市,质管员QA,3K-4K/月,3500.0,应用化学，化学工程与工艺，化学工程与工业生物工程，化工与制药类，制药工程,本科及以上,公司福利：五险一金、标间宿舍、福利性食堂及餐补、公费带薪旅游、公费培训、生日礼金、节日福利和年终奖等
浙江精进药业有限公司,台州市,质检员QC,3K-4K/月,3500.0,化学工程与工艺，化学工程与工业生物工程，应用化学，化工与制药类，制药工程,本科及以上,公司福利：五险一金、标间宿舍、福利性食堂及餐补、公费带薪旅游、公费培训、生日礼金、节日福利和年终奖等
浙江精进药业有限公司,台州市,药物研发员,3K-5K/月,4000.0,化工与制药类，制药工程，化学工程与工艺，化学工程与工业生物工程，资源循环科学与工程,本科及以上,五险一金、标间宿舍、福利性食堂及餐补、公费带薪旅游、公费培训、生日礼金、节日福利和年终奖等等
广州市博仕奥生化技术研究有限公司,广州市 昆明市,研发人员,4K-8K/月,6000.0,食品科学与工程，生物化学与分子生物学,硕士及以上,年底双薪 绩效奖金 节日礼物 带薪年假 餐补
广州市博仕奥生化技术研究有限公司,昆明市 广州市,质检员,3K-5K/月,4000.0,食品科学与工程，生物化学与分子生物学,本科及以上,绩效奖金 岗前培训 节日礼物 带薪年假 餐补 包吃包住
广州市博仕奥生化技术研究有限公司,广州市,储备干部,3K-4.5K/月,3750.0,动物科学，化学生物学，应用生物科学，食品科学与工程，生物化学与分子生物学,大专及以上,年底双薪 绩效奖金 岗前培训 节日礼物 年度旅游 岗位晋升 带薪年假 餐补 员工旅游
广州市博仕奥生化技术研究有限公司,广州市 昆明市,化验员,3K-6K/月,4500.0,食品科学与工程，生物化学与分子生物学,不限,包吃包住 岗位晋升 节日礼物 绩效奖金 带薪年假
浙江新安化工集团股份有限公司,杭州市,产品研发类,4K-8K/月,6000.0,化学类，化学生物学，化学，农学,本科及以上,节日礼物 岗位晋升 股票期权 带薪年假 餐补 免费班车 健康体检
江西禾益化工股份有限公司,九江市,实验员化验员,3K-5K/月,4000.0,化学工程与工艺，化学类，应用化学，化学，化学生物学,本科及以上,
上海安宇化工新材料有限公司,上海市,销售代表,6K-8K/月,7000.0,化学，化学生物学，化学类，应用化学，分子科学与工程，信息与计算科学，工程力学，机械工程，材料成型及控制工程，工业设计，机械电子工程，过程装备与控制工程，汽车服务工程，机械设计制造及其自动化，机械类，理论与应用力学,本科及以上,年底双薪 绩效奖金 岗前培训 节日礼物 扁平管理 年度旅游 岗位晋升 带薪年假 员工旅游
上海友尹化工装备有限公司,上海市 武汉市,化工艺设计师,4K-8K/月,6000.0,化工与制药类，标准化工程，生物医学工程，医学检验技术，医学技术类,本科及以上,
武汉巴菲尔生物技术服务有限公司,武汉市,技术支持,4K-6K/月,5000.0,生物技术，生物科学类，生物科学，生物信息学,本科及以上,
武汉巴菲尔生物技术服务有限公司,武汉市,实验动物模型制备实验员,3K-6K/月,4500.0,生物科学类，生物技术，生物信息学，生物科学,本科及以上,
武汉伊莱瑞特生物科技有限公司,武汉市,竞价专员,3K-5K/月,4000.0,生物信息学，生物科学，生物技术，生物科学类,大专及以上,
武汉普诺赛生命科技有限公司,武汉市,QC质检员,3K-5K/月,4000.0,生物信息学，生物技术，生物科学类,大专及以上,
武汉普诺赛生命科技有限公司,武汉市,竞价专员,3K-5K/月,4000.0,生物信息学，生物技术,大专及以上,
晶科能源有限公司,上饶市 嘉兴市 伊犁哈萨克自治州,品质管培生,4K-8K/月,6000.0,数学类，数学与应用数学，信息与计算科学，数理基础科学，物理学类，物理学，应用物理学，核物理，声学，化学类，化学，应用化学，化学生物学，分子科学与工程，天文学类，天文学，地理科学类，地理科学，自然地理与资源环境，人文地理与城乡规划，地理信息科学，大气科学类，大气科学，应用气象学，海洋科学类，海洋科学，海洋技术，海洋资源与环境，军事海洋学，地球物理学类，地球物理学，空间科学与技术，地质学类，地质学，地球化学，地球信息科学与技术，古生物学，生物科学类，生物科学，生物技术，生物信息学，生态学，心理学类，心理学，应,本科及以上,年底双薪 绩效奖金 岗前培训 节日礼物 年度旅游 岗位晋升 带薪年假 餐补 免费班车 员工旅游
安琪酵母股份有限公司,宜昌市,研发工程师,4.5K-5.5K/月,5000.0,生物技术，生物工程类，生物科学,硕士及以上,
佛山市国星光电股份有限公司,佛山市,生产/质量/工艺管理工程师,4K-6K/月,5000.0,数学类，数学与应用数学，信息与计算科学，数理基础科学，物理学类，物理学，应用物理学，核物理，声学，化学类，化学，应用化学，化学生物学，分子科学与工程，天文学类，天文学，地理科学类，地理科学，自然地理与资源环境，人文地理与城乡规划，地理信息科学，大气科学类，大气科学，应用气象学，海洋科学类，海洋科学，海洋技术，海洋资源与环境，军事海洋学，地球物理学类，地球物理学，空间科学与技术，地质学类，地质学，地球化学，地球信息科学与技术，古生物学，生物科学类，生物科学，生物技术，生物信息学，生态学，心理学类，心理学，应,本科及以上,节日礼物  岗位晋升 员工旅游
导洁（北京）环境科技有限公司广州分公司,海口市 厦门市 广州市,实验员,4.5K-6K/月,5250.0,化学工程与工艺，化学工程与工业生物工程，生物工程,本科及以上,周末双休   五险   员工生日
导洁（北京）环境科技有限公司广州分公司,全国 广州市 厦门市 北京市 武汉市 海口市,管培生,8K-12K/月,10000.0,化学工程与工艺，化学工程与工业生物工程，环境科学与工程类，环境科学与工程，环境工程，环境科学，环境生态工程，环保设备工程，水质科学与技术，生物工程，市场营销,硕士及以上,周末双休   五险   员工生日 岗位晋升
武汉巨人大学城教育培训有限责任公司,武汉市,化学教师（初高）,10K-15K/月,12500.0,生物技术，制药工程，化学工程与工艺，无机非金属材料工程，高分子材料与工程,本科及以上,
武汉巨人大学城教育培训有限责任公司,武汉市,数学教师（幼小初高）,10K-15K/月,12500.0,信息与计算科学，生物技术，电子商务,本科及以上,
杭州安诺过滤器材有限公司,杭州市,技术支持工程师,6K-8K/月,7000.0,化学，应用化学，生物技术，高分子材料与工程，化学工程与工艺,硕士及以上,
西安华线石油科技有限公司,西安市,模拟开发人员/数值模拟人员,4K-8K/月,6000.0,数学类，数学与应用数学，信息与计算科学，数理基础科学，物理学类，物理学，应用物理学，核物理，声学，化学类，化学，应用化学，化学生物学，分子科学与工程，天文学类，天文学，地理科学类，地理科学，自然地理与资源环境，人文地理与城乡规划，地理信息科学，大气科学类，大气科学，应用气象学，海洋科学类，海洋科学，海洋技术，海洋资源与环境，军事海洋学，地球物理学类，地球物理学，空间科学与技术，地质学类，地质学，地球化学，地球信息科学与技术，古生物学，生物科学类，生物科学，生物技术，生物信息学，生态学，心理学类，心理学,本科及以上,绩效奖金 节日礼物 带薪年假等福利
西安华线石油科技有限公司,西安市,软件开发人员/dephi程序员,4K-8K/月,6000.0,数学类，数学与应用数学，信息与计算科学，数理基础科学，物理学类，物理学，应用物理学，核物理，声学，化学类，化学，应用化学，化学生物学，分子科学与工程，天文学类，天文学，地理科学类，地理科学，自然地理与资源环境，人文地理与城乡规划，地理信息科学，大气科学类，大气科学，应用气象学，海洋科学类，海洋科学，海洋技术，海洋资源与环境，军事海洋学，地球物理学类，地球物理学，空间科学与技术，地质学类，地质学，地球化学，地球信息科学与技术，古生物学，生物科学类，生物科学，生物技术，生物信息学，生态学，心理学类，心理学,本科及以上,年底双薪 绩效奖金 节日礼物 岗位晋升 带薪年假等福利
深圳沃德海斯生物科技股份有限公司,深圳市,医疗器械业务代表,5K-15K/月,10000.0,医学检验技术，市场营销，制药工程，药学，生物工程,大专及以上,
浙江天成工程设计有限公司,杭州市,工艺及管道设计工程师,5K-7K/月,6000.0,化工与制药类，化学工程与工艺，制药工程，化学工程与工业生物工程,本科及以上,绩效奖金 岗前培训 扁平管理 岗位晋升 带薪年假 交通补助 餐补 房补 员工旅游
上海宸乔生物科技有限公司,上海市,销售工程师,5K-6K/月,5500.0,制药工程，化学，药学，生物科学,本科及以上,
广州市皓博仪器仪表有限公司,广州市,销售助理,4K-6K/月,5000.0,化学工程与工艺，生物医学工程，生物工程类，生物工程，生物制药,大专及以上,
广州市皓博仪器仪表有限公司,广州市,产品专员,4K-6K/月,5000.0,应用生物科学，应用化学，化学生物学，生物技术，生物科学,大专及以上,带薪年假 岗前培训 员工旅游
浙江天成工程设计有限公司,杭州市,化工工程师,5K-7K/月,6000.0,化工与制药类，化学工程与工艺，制药工程，化学工程与工业生物工程,本科及以上,绩效奖金 岗前培训 年度旅游 员工旅游 房补 餐补 交通补助 带薪年假
导洁（北京）环境科技有限公司广州分公司,全国 广州市 厦门市 北京市 海口市,技术人员,6K-8K/月,7000.0,化工与制药类，化学工程与工艺，化学工程与工业生物工程，环境科学与工程类，环境科学与工程，环境工程，环境科学，生物工程类，生物工程,本科及以上,周末双休   五险   员工生日
上海优宁维生物科技股份有限公司,南昌市,生物试剂销售代表,5K-10K/月,7500.0,茶学，种子科学与工程，植物保护，农学，应用生物科学,本科及以上,
苏州晶云药物科技有限公司,苏州市,结晶工艺研究员,4K-14K/月,9000.0,药学类，中药学类，材料类，化工与制药类，生物工程类,本科及以上,
苏州晶云药物科技有限公司,苏州市,药物制剂研究员,4K-10K/月,7000.0,材料类，化工与制药类，环境科学与工程类，食品科学与工程类，生物工程类,本科及以上,
苏州晶云药物科技有限公司,苏州市,药物晶型研究员,4K-15K/月,9500.0,化学类，生物科学类，材料类，化工与制药类，生物工程类,本科及以上,
导洁（北京）环境科技有限公司广州分公司,全国 广州市 北京市 海口市 厦门市 武汉市,现场技术人员,4.5K-6K/月,5250.0,化学工程与工艺，化学工程与工业生物工程，环境科学与工程类，环境工程，生物工程类,大专及以上,
导洁（北京）环境科技有限公司广州分公司,广州市 武汉市 海口市,储备干部,4.5K-6K/月,5250.0,化学工程与工艺，资源循环科学与工程，化学工程与工业生物工程，应用生物科学，自然保护与环境生态类,本科及以上,
上海派森诺生物科技股份有限公司,南京市 上海市,项目运营专员,3K-5K/月,4000.0,生物科学类，生物科学，生物技术，农学，植物保护,大专及以上,
喜康（武汉）生物医药有限公司,武汉市,蛋白纯化生产人员,4K-6K/月,5000.0,化学工程与工业生物工程，生物工程类，生物工程，生物制药,本科及以上,年底双薪 节日礼物  年度旅游 岗位晋升 带薪年假 免费班车 员工旅游 餐补
喜康（武汉）生物医药有限公司,武汉市,细胞培养生产人员,4K-6K/月,5000.0,生物制药,本科及以上,年底双薪 节日礼物 年度旅游 岗位晋升 免费班车 员工旅游 带薪年假  餐补
山西九顺堂药业科技有限公司,全国,制药工程,3K-9K/月,6000.0,生物技术，环境科学，，中医学，食品卫生与营养学,本科及以上,交通补助 餐补 房补 员工旅游 岗位晋升 岗前培训
滕州市悟通香料有限责任公司,枣庄市,机电技术员,5K-8K/月,6500.0,过程装备与控制工程，化工与制药类，化学工程与工艺，化学工程与工业生物工程,本科及以上,岗前培训 岗位晋升 带薪年假 房补 免费班车 员工旅游 包吃包住 健康体检 绩效奖金
苏州晶云药物科技有限公司,苏州市,药物分析研究员,5K-15K/月,10000.0,化学类，材料类，化工与制药类，环境科学与工程类，生物工程类,本科及以上,
湖北新蓝天新材料股份有限公司,仙桃市,研发技术员,3K-4K/月,3500.0,化学类，应用化学，化学工程与工艺，化学工程与工业生物工程，材料化学,本科及以上,年底双薪 绩效奖金 岗前培训 节日礼物  岗位晋升 带薪年假 交通补助 餐补 免费班车 员工旅游
武汉珈源量子点技术开发有限责任公司,武汉市,生物功能材料研究助理,5K-7K/月,6000.0,化学类，化学生物学，材料类，功能材料,硕士及以上,年底双薪 绩效奖金 岗前培训 岗位晋升 健康体检 扁平管理 员工旅游
深圳市英维克科技股份有限公司,深圳市,供应商质量工程师,5K-7K/月,6000.0,数学类，数学与应用数学，信息与计算科学，数理基础科学，物理学类，物理学，应用物理学，核物理，声学，化学类，化学，应用化学，化学生物学，分子科学与工程，天文学类，天文学，地理科学类，地理科学，自然地理与资源环境，人文地理与城乡规划，地理信息科学，大气科学类，大气科学，应用气象学，海洋科学类，海洋科学，海洋技术，海洋资源与环境，军事海洋学，地球物理学类，地球物理学，空间科学与技术，地质学类，地质学，地球化学，地球信息科学与技术，古生物学，生物科学类，生物科学，生物技术，生物信息学，食品质量与安全，物流管理,本科及以上,
深圳市英维克科技股份有限公司,深圳市,质量工程师,5K-7K/月,6000.0,食品质量与安全，数学类，数学与应用数学，信息与计算科学，数理基础科学，物理学类，物理学，应用物理学，核物理，声学，化学类，化学，应用化学，化学生物学，分子科学与工程，天文学类，天文学，地理科学类，地理科学，自然地理与资源环境，人文地理与城乡规划，地理信息科学，大气科学类，大气科学，应用气象学，海洋科学类，海洋科学，海洋技术，海洋资源与环境，军事海洋学，地球物理学类，地球物理学，空间科学与技术，地质学类，地质学，地球化学，地球信息科学与技术，古生物学，生物科学类，生物科学，生物技术，生物信息学，生态学，心理,本科及以上,
深圳市英维克科技股份有限公司,深圳市,采购工程师,5K-7K/月,6000.0,物流管理，数学类，数学与应用数学，信息与计算科学，数理基础科学，物理学类，物理学，应用物理学，核物理，声学，化学类，化学，应用化学，化学生物学，分子科学与工程，天文学类，天文学，地理科学类，地理科学，自然地理与资源环境，人文地理与城乡规划，地理信息科学，大气科学类，大气科学，应用气象学，海洋科学类，海洋科学，海洋技术，海洋资源与环境，军事海洋学，地球物理学类，地球物理学，空间科学与技术，地质学类，地质学，地球化学，地球信息科学与技术，古生物学，生物科学类，生物科学，生物技术，生物信息学，生态学，心理学类，,大专及以上,
江西华清博恩生物科技有限公司,南昌市,质量注册技术工程师,5K-7K/月,6000.0,生物工程，化学类，应用化学，化学，化学生物学,本科及以上,年底双薪 岗前培训 节日礼物 岗位晋升 带薪年假 员工旅游 包吃包住 健康体检  股票期权
江西华清博恩生物科技有限公司,南昌市,研发工程师,5K-8K/月,6500.0,材料科学与工程，金属材料工程，生物工程，基础医学，临床医学,本科及以上,年底双薪 岗前培训 节日礼物 岗位晋升  带薪年假 交通补助 员工旅游 包吃包住 健康体检 股票期权
湖南新合新生物医药有限公司,长沙市,大区销售经理,3K-10K/月,6500.0,生物工程,本科及以上,五险一金  上市公司
惠州建邦精密塑胶有限公司,惠州市,上市公司-助理工程师（化工类专业）,3.8K-6K/月,4900.0,应用化学，林产化工，高分子材料与工程，化学生物学,本科及以上,年底双薪 绩效奖金 岗前培训 带薪年假 房补 免费班车
中山市行程金属表面处理有限公司,中山市,储备干部,5K-7K/月,6000.0,化学工程与工艺，化学工程与工业生物工程,本科及以上,
杭州联科生物技术股份有限公司,北京市 上海市 广州市 杭州市 南京市 济南市 成都市 天津市,销售工程师,4.5K-10K/月,7250.0,生物科学，生物技术，植物保护，动物科学，食品卫生与营养学,本科及以上,绩效奖金 岗前培训 节日礼物 扁平管理 年度旅游 岗位晋升 交通补助 员工旅游 弹性工作
嘉兴维亚生物科技有限公司,嘉兴市,蛋白纯化研究员,4K-6.3K/月,5150.0,化学生物学，生物科学类，生物科学，生物技术,不限,绩效奖金 岗前培训 节日礼物 年度旅游 岗位晋升 弹性工作 带薪年假 交通补助 餐补 房补 员工旅游
杭州悦萱堂化妆品有限公司,杭州市,研发QC类,5K-8K/月,6500.0,化学类，应用化学，分子科学与工程，化学，化学生物学,本科及以上,绩效奖金 岗前培训 节日礼物 年度旅游 岗位晋升 带薪年假 包吃包住 健康体检
武汉君诺德生物技术有限公司,北京市 武汉市,实验员技术支持,3K-5K/月,4000.0,生物科学，生物技术，生物医学工程类，生物工程类，生物制药，农学,不限,绩效奖金 岗前培训 扁平管理 岗位晋升 交通补助 餐补
上海晶诺生物科技有限公司,佛山市,研发工程师－细胞因子活性检测方向,3.8K-7.6K/月,5699.999999999999,生物科学类，生物科学，生物技术,本科及以上,节日礼物 年度旅游 员工旅游 餐补 带薪年假
上海晶诺生物科技有限公司,佛山市,研发工程师－细胞培养方向,3.8K-7.6K/月,5699.999999999999,生物科学类，生物科学，生物技术,本科及以上,节日礼物 年度旅游 岗位晋升 带薪年假 餐补 员工旅游
武汉君诺德生物技术有限公司,北京市 武汉市 郑州市,市场专员储备干部,3K-20K/月,11500.0,生物科学，生物技术，农学，植物保护，植物科学与技术，动物科学，水产养殖学,不限,绩效奖金 岗前培训 扁平管理 岗位晋升   员工旅游
中山德华芯片技术有限公司,中山市,技术培训生安环方向,4.5K-8K/月,6250.0,化学工程与工艺，化学工程与工业生物工程，环境科学与工程类，环境工程,本科及以上,
武汉仕全兴新材料科技股份有限公司,武汉,质检员,3K-5K/月,4000.0,化学，应用化学，分子科学与工程，化学生物学,不限,
山东新时代药业有限公司,临沂市,技术储备,5K-7K/月,6000.0,化学，应用化学，生物科学，药学类,本科及以上,
山东新时代药业有限公司,国外,临床检测监查员,7K-8K/月,7500.0,化学，化学生物学，药物分析,硕士及以上,
广州市家合教育科技有限公司,广州市,中小学数学/英语/化学/物理老师,8K-10K/月,9000.0,教育学类，教育学，科学教育，教育技术学，艺术教育，学前教育，小学教育，数学类，数学与应用数学，物理学类，物理学，应用物理学，化学类，化学，应用化学，心理学类，心理学，统计学类，统计学，应用统计学，音乐与舞蹈学类，音乐表演，音乐学，舞蹈表演，表演，广播电视编导，播音与主持艺术，化学生物学，英语，外国语言文学类,本科及以上,五险一金 双休  弹性工作 岗位晋升 岗前培训
湖南省科域生物医药科技有限公司,长沙市,生物信息学,6K-10K/月,8000.0,临床医学，医学检验技术，药学，信息与计算科学，生物科学,本科及以上,绩效奖金 岗前培训 节日礼物 年度旅游 岗位晋升 弹性工作 带薪年假
德庆县人力资源和社会保障局,肇庆市,德庆县引进高素质紧缺专业人才39名,4.5K-9K/月,6750.0,经济学，经济统计学，国民经济管理，金融学，国际经济与贸易，法学，应用化学，化学生物学，统计学类，统计学，应用统计学，机械设计制造及其自动化，计算机类，计算机科学与技术，土木工程，给排水科学与工程，水利水电工程，农业工程，农业机械化及其自动化，食品科学与工程类，食品科学与工程，食品质量与安全，植物生产类，农学，园艺，植物保护，植物科学与技术，设施农业科学与工程，林学类，林学，森林保护，管理科学与工程类，管理科学，工程管理，工商管理类，工商管理，国际商务，农业经济管理类，农林经济管理，农村区域发展，城市管理，,硕士及以上,
深圳兰度生物材料有限公司,深圳市,助理研发工程师（生物学评价）,6K-9K/月,7500.0,化学生物学，生物工程类，基础医学类，基础医学,本科及以上,年底双薪 带薪年假 员工旅游 岗前培训 餐补 房补
深圳兰度生物材料有限公司,深圳市,技术员,4K-6K/月,5000.0,应用化学，化学生物学，材料化学，生物制药，药物化学,大专及以上,年底双薪 带薪年假 员工旅游 岗前培训 餐补 房补
深圳市通规技术检测有限公司,深圳市,实验室技术员,3K-5K/月,4000.0,物理学类，化学类，生物科学类，机械类，车辆工程，材料类，高分子材料与工程，纺织类,本科及以上,
浙江新安化工集团股份有限公司,杭州市,新安集团2018校园招聘,4K-6K/月,5000.0,金融学类，金融学，经济与贸易类，贸易经济，经济与金融，法学类，化学，化学生物学，分子科学与工程，力学类，理论与应用力学，工程力学，机械类，机械工程，机械设计制造及其自动化，材料成型及控制工程，机械电子工程，工业设计，过程装备与控制工程，车辆工程，汽车服务工程，机械工艺技术，微机电系统工程，汽车维修工程教育，仪器类，测控技术与仪器，材料类，材料科学与工程，材料化学，金属材料工程，无机非金属材料工程，高分子材料与工程，复合材料与工程，粉体材料科学与工程，焊接技术与工程，功能材料，纳米材料与技术，新能源材料与器,本科及以上,五险一金 包住宿 做五休二  年底双薪 绩效奖金 岗前培训 岗位晋升 带薪年假 餐补 免费班车
湖北葛店人福药业有限责任公司,武汉市,国际大客户经理,4K-6K/月,5000.0,化学，化学生物学，化学类，应用化学，分子科学与工程,本科及以上,
深圳市海洋王照明工程有限公司,兰州市 西宁市 银川市,销售人员,4K-6K/月,5000.0,哲学类，逻辑学，哲学，宗教学，伦理学，经济学类，经济学，经济统计学，国民经济管理，资源与环境经济学，商务经济学，能源经济，财政学类，财政学，税收学，金融学类，金融学，金融工程，保险学，投资学，金融数学，信用管理，经济与金融，经济与贸易类，国际经济与贸易，贸易经济，教育学类，科学教育，教育技术学，体育学类，汉语言，应用语言学，汉语言文学，中国语言文学类，历史学类，世界史，历史学，数学类，信息与计算科学，物理学类，应用物理学，化学，化学生物学，数理基础科学，物理学，数学与应用数学，地理科学类，工程力学，力学类,本科及以上,年度旅游 岗位晋升 交通补助 带薪年假 绩效奖金 餐补 房补 员工旅游 弹性工作
岳阳长岭设备研究所有限公司,岳阳市,清洗,3K-4K/月,3500.0,应用化学，化学工程与工艺，材料化学，能源化学工程，化学工程与工业生物工程,本科及以上,
中山市思而优教育科技有限公司,中山市,小初数学教师,4K-8K/月,6000.0,小学教育，数学类，数学与应用数学，信息与计算科学，数理基础科学，物理学类，物理学，应用物理学，核物理，声学，化学类，化学，应用化学，化学生物学，分子科学与工程，天文学类，天文学，地理科学类，地理科学，自然地理与资源环境，人文地理与城乡规划，地理信息科学，大气科学类，大气科学，应用气象学，海洋科学类，海洋科学，海洋技术，海洋资源与环境，军事海洋学，地球物理学类，地球物理学，空间科学与技术，地质学类，地质学，地球化学，地球信息科学与技术，古生物学，生物科学类，生物科学，生物技术，生物信息学，生态学，心理学类，,本科及以上,绩效奖金 岗前培训 节日礼物 年度旅游 岗位晋升 员工旅游 餐补 带薪年假
云南莱博科技有限公司,昆明市,技术支持工程师,4K-6K/月,5000.0,化学类，化学，应用化学，化学生物学，化学工程与工艺,硕士及以上,绩效奖金 岗前培训 节日礼物 年度旅游 带薪年假 餐补 岗位晋升 健康体检
湖北省黄麦岭磷化工有限责任公司,孝感市,化工工艺,3K-6K/月,4500.0,化学工程与工艺，能源化学工程，化学工程与工业生物工程,本科及以上,"绩效奖金,岗前培训,节日礼物,岗位晋升,带薪年假,餐补,免费班车"
人福医药集团股份公司,武汉市,生物分析研究员,4K-6K/月,5000.0,生物科学类，生物技术，生物科学，生物制药,硕士及以上,"绩效奖金,岗前培训,岗位晋升,餐补,交通补助"
上饶市康可得生物科技有限公司,上饶市,化学有机合成研究员,6K-7K/月,6500.0,化学类，化学，应用化学，化学生物学,本科及以上,
江苏豪森药业集团有限公司,昆明市 大理市 曲靖市 玉溪市 昭通市 西双版纳市 思茅市 文山市 红河市 楚雄市 保山市 德宏市 丽江市 怒江市 迪庆市 临沧市,医学信息沟通专员（销售）,4K-8K/月,6000.0,药学类，生物医学工程类,大专及以上,
金光企业（管理）上海有限公司,全国,生产管理培训生,4.6K-5.5K/月,5050.0,机械类，机械电子工程，应用生物科学,本科及以上,"带薪年假,交通补助,餐补,房补"
湖北正大有限公司,随州,养殖技术员,3K-5K/月,4000.0,食品科学与工程类，生物工程类，动物科学，动物生产类，动物医学,大专及以上,
湖北正大有限公司,随州市,食品生产储备干部,3.5K-4.5K/月,4000.0,食品科学与工程，食品质量与安全，生物工程，电机电器智能化，机械设计制造及其自动化,大专及以上,
湖南新合新生物医药有限公司,常德市,环保技术员,2.8K-3.5K/月,3150.0,化学，应用化学，化学工程与工业生物工程，环保设备工程，给排水科学与工程，化学生物学，生物工程类,不限,
浙江国邦药业有限公司,绍兴市,工艺操作员,5K-6K/月,5500.0,化工与制药类，制药工程，化学工程与工业生物工程,大专及以上,
广东伊利乳业有限责任公司,惠州市,质量技术类储备生,4.5K-5.5K/月,5000.0,化学，化学生物学，分子科学与工程，生物科学，生物技术,大专及以上,"绩效奖金,岗前培训,节日礼物,岗位晋升,带薪年假,餐补,免费班车，免费大学式宿舍"
广州市锐博生物科技有限公司,广州市,管理实习生,3K-4.5K/月,3750.0,生物技术，生物科学，生物科学类，工商管理，人力资源管理,本科及以上,
广州市锐博生物科技有限公司,广州市,生产技术员,4K-6K/月,5000.0,生物科学类，生物技术，生物科学，生物信息学，药学类,本科及以上,
广州市锐博生物科技有限公司,广州市,实验技术员,4K-6K/月,5000.0,生物科学，生物信息学，生物技术，生物科学类，药学类,本科及以上,
广州市锐博生物科技有限公司,广州市,蛋白纯化技术员,4K-6K/月,5000.0,海洋科学类，生物科学类，生物技术，生物科学，生物信息学,本科及以上,
广州市锐博生物科技有限公司,全国,销售工程师,8K-15K/月,11500.0,生物科学类，生物技术，生物科学，生物信息学，医学技术类,硕士及以上,
广州市锐博生物科技有限公司,广州市,测序技术员,4.5K-6K/月,5250.0,生物科学类，生物技术，生物科学，生物信息学，药学类,本科及以上,
广州市锐博生物科技有限公司,广州市,技术支持工程师,8K-15K/月,11500.0,生物科学类，生物科学，生物信息学，药学类,硕士及以上,
广州市锐博生物科技有限公司,广州市,研发工程师,5K-7K/月,6000.0,生物技术，生物科学类，生物信息学，生物科学，药学类,硕士及以上,
广州市锐博生物科技有限公司,广州市,博士后,20K-30K/月,25000.0,生物科学类，生物技术，生物科学，生物信息学，药学类,博士及以上,
牧原食品股份有限公司,全国,兽医师,5K-6K/月,5500.0,动物医学，动物科学，生物技术，生物工程，动植物检疫,本科及以上,"绩效奖金,岗前培训,岗位晋升,股票期权 节日礼物"
深圳康泰生物制品股份有限公司,深圳市,质量监督专员,2K-3K/月,2500.0,生物技术，生物科学，预防医学，医学检验技术,本科及以上,
武汉华美生物工程有限公司,武汉市,研发实验员,3K-7K/月,5000.0,生物工程类，生物工程，应用生物科学，生物技术,本科及以上,
武汉华美生物工程有限公司,武汉市,外贸销售,3K-6K/月,4500.0,英语，商务英语，生物医学工程类，生物工程类,本科及以上,
武汉华美生物工程有限公司,全国,国内销售,3K-6K/月,4500.0,生物医学工程类，生物工程类，经济学类，经济与贸易类,大专及以上,
深圳市达科为生物技术股份有限公司,深圳市,病理产品研发工程师,8K-12K/月,10000.0,生物科学类，，预防医学,硕士及以上,
深圳市达科为生物技术股份有限公司,深圳市,细胞产品研发工程师,8K-12K/月,10000.0,生物科学类，，预防医学,硕士及以上,
深圳市达科为生物技术股份有限公司,全国,分子产品研发工程师,8K-12K/月,10000.0,生物科学类，，预防医学,硕士及以上,
深圳市达科为生物技术股份有限公司,全国,科研仪器技术支持,6K-8K/月,7000.0,生物科学类，，预防医学,硕士及以上,
深圳市达科为生物技术股份有限公司,全国,免疫学技术支持,6K-8K/月,7000.0,生物科学类，，预防医学,本科及以上,
深圳市达科为生物技术股份有限公司,全国,分子产品技术支持,6K-8K/月,7000.0,生物科学类，，预防医学,本科及以上,
深圳市达科为生物技术股份有限公司,全国,细胞产品技术支持,6K-8K/月,7000.0,生物科学类，，预防医学,本科及以上,
江西东森科技发展有限公司,全国,销售管培生,6K-15K/月,10500.0,生物技术，生物科学，市场营销,大专及以上,
广东宏川集团有限公司,东莞市,技术类,4K-6K/月,5000.0,计算机类，土木工程，资源勘查工程，化学工程与工业生物工程,本科及以上,
上饶市康可得生物科技有限公司,上饶市,生物医药研究员,3.6K-6K/月,4800.0,药学，化工与制药类，制药工程，化学工程与工业生物工程，生物医学工程,本科及以上,年底双薪 绩效奖金 节日礼物 带薪年假  交通补助 员工旅游 包吃包住 岗位晋升
湖南御泥坊化妆品有限公司,长沙市,质量工程师,4K-6K/月,5000.0,化学，化学类，应用化学，化学生物学,本科及以上,绩效奖金 节日礼物 餐补 扁平管理 免费班车 健康体检 带薪年假
上海福兴医药科技有限公司,上海市,产品线管理部工程师,6K-7K/月,6500.0,制药工程，化工与制药类，化学工程与工业生物工程，化学工程与工艺,硕士及以上,
上海福兴医药科技有限公司,上海市,产品线管理部助理工程师,6K-7K/月,6500.0,制药工程，化工与制药类，化学工程与工业生物工程，化学工程与工艺,本科及以上,
上海福兴医药科技有限公司,上海市,生产岗位培训生,6K-7K/月,6500.0,制药工程，化工与制药类，化学工程与工艺，化学工程与工业生物工程,大专及以上,
上海福兴医药科技有限公司,上海市,研发工程师,6K-7K/月,6500.0,制药工程，化工与制药类，化学工程与工业生物工程，化学工程与工艺,硕士及以上,
上海福兴医药科技有限公司,上海市,研发助理工程师,6K-7K/月,6500.0,制药工程，化工与制药类，化学工程与工艺，化学工程与工业生物工程,本科及以上,
湖北凯龙化工集团股份有限公司,荆门市,工艺员,2.5K-4K/月,3250.0,化学，应用化学，化学类，化学工程与工业生物工程，化学工程与工艺,本科及以上,"绩效奖金,岗前培训,交通补助,餐补,岗位晋升,节日礼物"
杭州安诺过滤器材有限公司,杭州市,质检,4K-6K/月,5000.0,化学工程与工艺，化工与制药类，制药工程，化学工程与工业生物工程，食品科学与工程，食品科学与工程类，酿酒工程，生物工程，生物工程类，生物制药,本科及以上,"年度旅游,房补,餐补,带薪年假"
上海福兴医药科技有限公司,上海市,工程师,6K-7K/月,6500.0,化学工程与工业生物工程，化学工程与工艺，制药工程，化工与制药类,本科及以上,
上海福兴医药科技有限公司,上海市,助理工程师,6K-9K/月,7500.0,制药工程，化工与制药类，化学工程与工艺，化学工程与工业生物工程,本科及以上,
湖北省宏源药业科技股份有限公司,黄冈市,生产管理岗,4K-6.5K/月,5250.0,化学工程与工业生物工程，化学工程与工艺，制药工程，应用化学，化学,本科及以上,
湖北省宏源药业科技股份有限公司,黄冈市,化工分析研发岗,3.2K-4.5K/月,3850.0,化工与制药类，化学工程与工艺，化学工程与工业生物工程，化学，应用化学,不限,
农夫山泉（建德）新安江饮用水有限公司,杭州市,管理培训生,4K-6K/月,5000.0,机械类，机械设计制造及其自动化，机械电子工程，过程装备与控制工程，材料科学与工程，机电技术教育，材料成型及控制工程，机械工程，信息与计算科学，化学类，应用化学，化学，化学生物学,本科及以上,"绩效奖金,节日礼物,年度旅游,岗位晋升,员工旅游,免费班车，提供住宿"
农夫山泉（建德）新安江饮用水有限公司,杭州市,生产线技术员,4K-6K/月,5000.0,信息与计算科学，化学类，应用化学，分子科学与工程，化学生物学，化学，生物科学类，生物技术，生物信息学，生物科学,大专及以上,"节日礼物,岗位晋升,免费班车,餐补，提供住宿,岗前培训,年度旅游"
齐鲁制药有限公司,北京市 济南市,产品经理助理,4K-8K/月,6000.0,临床医学，药学，药品经营与管理，制药工程，生物工程,本科及以上,
深圳市英柏检测技术有限公司,深圳市,纺织品化学检测技术员,4K-6K/月,5000.0,化学类，应用化学，化学，化学生物学，分子科学与工程,本科及以上,
湖南和畅食品科技有限公司,湘潭市,食品研发助理,3K-8K/月,5500.0,化学，食品科学与工程，食品质量与安全，生物工程,大专及以上,
武汉生物制品研究所有限责任公司,武汉市,实习生,1K-1K/月,1000.0,制药工程，生物工程类，生物工程，生物制药，基础医学类，基础医学，临床医学类，临床医学，公共卫生与预防医学类，药学类，药学，药物制剂，临床药学，药事管理，药物分析，药物化学，医学技术类，医学检验技术，医学实验技术,本科及以上,
武汉生物制品研究所有限责任公司,武汉市,质量管理,4K-7K/月,5500.0,生物医学工程类，生物医学工程，生物工程类，生物工程，生物制药，基础医学类，基础医学，临床医学类，临床医学，药学类，药学，药物制剂，临床药学，药事管理，药物分析，医学技术类，医学检验技术，医学实验技术,本科及以上,"绩效奖金,岗前培训,岗位晋升,带薪年假,交通补助,餐补,免费班车"
武汉生物制品研究所有限责任公司,武汉市,疫苗生产,4K-6K/月,5000.0,生物医学工程类，生物医学工程，生物工程类，生物工程，生物制药，基础医学类，基础医学，临床医学类，临床医学，药学类，药学，药物制剂，临床药学，药事管理，药物分析，药物化学，医学技术类，医学检验技术，医学实验技术,本科及以上,"绩效奖金,岗前培训,岗位晋升,带薪年假,交通补助,餐补,免费班车"
辽源誉隆亚东药业有限责任公司,亳州市,QA,3K-4K/月,3500.0,药学，生物科学,本科及以上,
辽源誉隆亚东药业有限责任公司,亳州市,生产技术员,3K-5K/月,4000.0,药学，生物科学,本科及以上,
彤富国际融资租赁（深圳）有限公司,深圳市,融资租赁项目助理（医疗器械类）,5K-9K/月,7000.0,材料科学与工程，信息与计算科学，生物工程，数学与应用数学，应用物理学,本科及以上,绩效奖金 年度旅游 岗位晋升 节日礼物 带薪年假 员工旅游 岗前培训 五险一金
宁波量健好健康服务有限公司,宁波市,旅游事务专员,4K-8K/月,6000.0,历史学类，生物技术，生物科学，生物信息学,本科及以上,
农夫山泉（建德）新安江饮用水有限公司,杭州市,制程品控员,4.5K-6K/月,5250.0,化学类，化学，应用化学，化学生物学，分子科学与工程,本科及以上,
沧州环球优学文化传播有限公司,沧州市 张家口市 廊坊市 秦皇岛市 唐山市 天津市,初高中各学科教师（薪酬4-8K/月）,4K-8K/月,6000.0,中国语言文学类，汉语言文学，汉语言，英语，历史学类，历史学，数学类，数学与应用数学，数理基础科学，物理学类，物理学，应用物理学，化学类，化学，应用化学，化学生物学，地理科学类，地理科学，地理信息科学，地球物理学类，地球物理学，地质学类，地质学，地球化学，地球信息科学与技术，生物科学类，生物科学，心理学类，心理学，应用心理学,本科及以上,"绩效奖金,岗前培训,节日礼物,岗位晋升,弹性工作,员工旅游,带薪年假,股票期权"
江西东森科技发展有限公司,南昌市,储备技术主管,3.5K-4.5K/月,4000.0,生物技术，生物科学,本科及以上,
华农恒青实业有限公司,宜春市 赣州市 九江市 抚州市 新余市 上饶市,品管员,2.8K-3K/月,2900.0,粮食工程，生物技术，生物工程类，应用化学，食品科学与工程类,大专及以上,
维亚生物科技（上海）有限公司,上海市,分子克隆研究员,5K-6K/月,5500.0,生物制药，生物工程，化学生物学,本科及以上,
维亚生物科技（上海）有限公司,上海市,生物信息工程师,7K-8K/月,7500.0,计算机科学与技术，生物信息学，统计学,本科及以上,
维亚生物科技（上海）有限公司,上海市,细胞培养研究员,5K-8K/月,6500.0,化学生物学，生物工程，生物制药，生物医学工程，化学工程与工业生物工程,本科及以上,
维亚生物科技（上海）有限公司,上海市,杂交瘤细胞培养与筛选人员,5K-8K/月,6500.0,生物技术，化学生物学，生物制药，生物工程类，生物工程,本科及以上,
维亚生物科技（上海）有限公司,上海市,单克隆抗体纯化人员,5K-8K/月,6500.0,化学生物学，生物技术，化学工程与工业生物工程，生物医学工程，生物工程,本科及以上,
维亚生物科技（上海）有限公司,上海市,液质联用分析研究员,6K-7K/月,6500.0,生物医学工程，生物工程，生物制药,本科及以上,
维亚生物科技（上海）有限公司,上海市,化学分析研究员,4K-5K/月,4500.0,化学，材料化学，药物化学，化学工程与工业生物工程，化学工程与工艺,不限,
湖南省科域生物医药科技有限公司,长沙市,生物医学翻译,5K-10K/月,7500.0,基础医学类，生物科学类，生物科学，生物技术，生物信息学,本科及以上,"绩效奖金,岗前培训,节日礼物,扁平管理,年度旅游,岗位晋升,弹性工作,员工旅游,带薪年假"
广州赛哲生物科技股份有限公司,广州市,生物信息分析工程师,5K-8K/月,6500.0,生物技术，生物科学类，生物科学，临床医学，医学检验技术,硕士及以上,
联化科技股份有限公司,台州市,有机合成研究员,4.6K-8K/月,6300.0,化学生物学，分子科学与工程，化学类，生物科学类,本科及以上,
广东高航知识产权运营有限公司,北京市 上海市 广州市 深圳市 苏州市,专利代理人,4K-8K/月,6000.0,机械类，自动化类，电气类，化学类，化学生物学,本科及以上,
湖北凌晟药业有限公司,襄樊市 武汉市,医药研发人员,3K-6K/月,4500.0,化学工程与工艺，化学工程与工业生物工程,本科及以上,"年底双薪,绩效奖金,岗前培训,节日礼物,岗位晋升,股票期权,带薪年假,餐补,免费班车,员工旅游"
重庆华歌生物化学有限公司,重庆市,研发助理,3.6K-6K/月,4800.0,化学工程与工艺，化工与制药类，制药工程，化学工程与工业生物工程，能源化学工程,本科及以上,
重庆华歌生物化学有限公司,重庆市,技术研发员,6K-10K/月,8000.0,化工与制药类，化学工程与工艺，制药工程，化学工程与工业生物工程,硕士及以上,
广东先导稀材股份有限公司,清远市,研发技术员,4.5K-6.5K/月,5500.0,机械工程，材料成型及控制工程，材料类，材料科学与工程，机械设计制造及其自动化，金属材料工程，无机非金属材料工程，冶金工程，材料物理，粉体材料科学与工程，复合材料与工程，功能材料，新能源材料与器件，化学工程与工业生物工程，采矿工程，矿物加工工程，矿物资源工程，矿业类，轻化工程，环境工程，环境科学与工程类，环境科学，环境科学与工程，安全科学与工程类，安全工程,本科及以上,
广东先导稀材股份有限公司,清远市,研发工程师与项目主管,6.5K-8.5K/月,7500.0,机械类，机械工程，材料类，材料科学与工程，材料物理，材料化学，金属材料工程，无机非金属材料工程，高分子材料与工程，粉体材料科学与工程，功能材料，纳米材料与技术，化工与制药类，化学工程与工艺，制药工程，化学工程与工业生物工程，矿物加工工程，环境科学与工程类，环境工程，安全工程，抢险救援指挥与技术，机械电子工程，机械设计制造及其自动化,硕士及以上,
武汉启瑞药业有限公司,武汉市 鄂州市,合成研究员,5K-7K/月,6000.0,制药工程，化工与制药类，化学工程与工艺，化学工程与工业生物工程，药学,硕士及以上,
卫宁健康科技集团股份有限公司,上海市,人工智能（深度学习算法工程师）,8K-12K/月,10000.0,计算机科学与技术，计算机科学与技术，生物技术，生物科学，数学与应用数学,博士及以上,
浙江海正药业股份有限公司,台州市 杭州市,质量工程师,4K-7K/月,5500.0,制药工程，化工与制药类，化学工程与工艺，化学工程与工业生物工程,本科及以上,
浙江海正药业股份有限公司,杭州市 台州市,分析工程师,4K-7K/月,5500.0,制药工程，化工与制药类，化学工程与工业生物工程,本科及以上,
浙江海正药业股份有限公司,杭州市 台州市,微生物工程师,4K-7K/月,5500.0,化学生物学，化工与制药类，制药工程，生物制药，生物工程,本科及以上,
浙江海正药业股份有限公司,杭州市 台州市,药物合成工程师,4K-7K/月,5500.0,化学，应用化学，化学生物学，化学工程与工艺，化学工程与工业生物工程,本科及以上,
中山市三美高新材料技术有限公司,中山市,储备干部（生产工程师）,5K-8K/月,6500.0,化工与制药类，化学工程与工艺，化学工程与工业生物工程,大专及以上,"绩效奖金,岗前培训,节日礼物,年度旅游,岗位晋升,带薪年假,五险一金"
广州赛哲生物科技股份有限公司,广州市,BD技术支持,6K-8K/月,7000.0,化学生物学，古生物学，生物科学类，生物科学，生物技术，生物信息学，化学工程与工业生物工程，生物医学工程类，生物医学工程，生物工程类，生物工程，生物制药，应用生物科学,不限,"绩效奖金,岗前培训,扁平管理,年度旅游,岗位晋升,股票期权,弹性工作,带薪年假,员工旅游"
广州赛哲生物科技股份有限公司,广州市,实习生/兼职,1K-4K/月,2500.0,化学生物学，古生物学，生物科学类，生物科学，生物技术，生物信息学，化学工程与工业生物工程，生物医学工程类，生物医学工程，生物工程类，生物工程，生物制药，应用生物科学,本科及以上,弹性工作
广州赛哲生物科技股份有限公司,广州市,销售代表,3K-8K/月,5500.0,化学生物学，古生物学，生物科学类，生物科学，生物技术，生物信息学，化学工程与工业生物工程，生物医学工程类，生物医学工程，生物工程类，生物工程，生物制药，应用生物科学,不限,"弹性工作,员工旅游,交通补助,股票期权,岗位晋升,年度旅游,扁平管理,节日礼物,岗前培训,绩效奖金,"
广州赛哲生物科技股份有限公司,广州市,测序实验工程师,3K-5K/月,4000.0,化学生物学，古生物学，生物科学类，生物科学，生物技术，生物信息学，化学工程与工业生物工程，生物医学工程类，生物医学工程，生物工程类，生物工程，生物制药，应用生物科学,本科及以上,"绩效奖金,岗前培训,节日礼物,年度旅游,岗位晋升,股票期权,带薪年假,员工旅游"
广州赛哲生物科技股份有限公司,广州市,实验技术员,3K-5K/月,4000.0,化学生物学，古生物学，生物科学类，生物科学，生物技术，生物信息学，化学工程与工业生物工程，生物医学工程类，生物医学工程，生物工程类，生物工程，生物制药，应用生物科学,不限,"绩效奖金,岗前培训,节日礼物,年度旅游,股票期权,岗位晋升,带薪年假,员工旅游,六险一金,商业保险"
福建圣农食品有限公司,南平市,品质专员,3K-4K/月,3500.0,化学，食品科学与工程，食品质量与安全，生物工程,本科及以上,年底双薪 绩效奖金 岗前培训 岗位晋升 包吃包住  扁平管理 健康体检
广州赛哲生物科技股份有限公司,广州市,技术支持,6K-10K/月,8000.0,生物医学工程，生物技术，生物科学类，生物科学，药学,硕士及以上,"绩效奖金,岗前培训,节日礼物,扁平管理,年度旅游,岗位晋升,股票期权,弹性工作,带薪年假,通讯补贴,"
福建圣农食品有限公司,南平市 上海市,研发专员,3K-5K/月,4000.0,食品科学与工程，食品质量与安全，食品科学与工程类，生物工程类，生物工程,本科及以上,年底双薪 绩效奖金 岗前培训 扁平管理 节日礼物 岗位晋升 包吃包住
广州赛哲生物科技股份有限公司,上海市 北京市 沈阳市 成都市 武汉市 广州市 济南市 青岛市 郑州市,技术型销售工程师,6K-10K/月,8000.0,临床医学，医学影像学，医学检验技术，生物科学，药学,本科及以上,"绩效奖金,带薪年假,弹性工作,交通补助,员工旅游,扁平管理,年度旅游,岗位晋升,股票期权,节日礼物"
武汉科林精细化工有限公司,武汉市,化工工艺工程师,3K-5K/月,4000.0,化学工程与工艺，化学工程与工业生物工程,本科及以上,
江苏盛世康禾生物技术有限公司,长沙市,销售,面议,0.0,应用生物科学，市场营销,大专及以上,挑战高薪、广阔的晋升平台，3500起薪，父母可免费国外游
康龙化成（北京）新药技术股份有限公司,北京市 上海市 天津市 宁波市 西安市,药理学研究员,4K-13K/月,8500.0,药学类，基础医学类，动物医学类，生物医学工程类，生物制药,本科及以上,
康龙化成（北京）新药技术股份有限公司,北京市 上海市 天津市 宁波市 西安市,药代及药代动力学研究员,4K-13K/月,8500.0,药学，中药学类，动物药学，生物制药，生物医学工程类,本科及以上,
康龙化成（北京）新药技术股份有限公司,北京市 上海市 天津市 宁波市 西安市,生物学研究员,4K-14K/月,9000.0,生物科学类，生物科学，生物技术，生物工程，生物制药,本科及以上,
康龙化成（北京）新药技术股份有限公司,北京市 上海市 天津市 宁波市 西安市,化学分析研究员,4K-13K/月,8500.0,药物化学，化学生物学，化学工程与工艺，应用化学，化学类,本科及以上,
康龙化成（北京）新药技术股份有限公司,北京市 上海市 天津市 宁波市 西安市,有机合成助理研究员,4K-5K/月,4500.0,生物制药，生物工程，制药工程，化工与制药类，化学工程与工艺,大专及以上,
康龙化成（北京）新药技术股份有限公司,北京市 上海市 天津市 宁波市 西安市,有机合成研究员,6K-7K/月,6500.0,化学工程与工艺，化工与制药类，制药工程，生物制药，生物工程,硕士及以上,
康龙化成（北京）新药技术股份有限公司,北京市 上海市 天津市 宁波市 西安市,高级有机合成研究员,13K-16K/月,14500.0,化工与制药类，制药工程，化学工程与工艺，生物制药，生物工程类,博士及以上,
上海派森诺生物科技股份有限公司,上海市,医学服务销售工程师,3K-5K/月,4000.0,生物医学工程类，生物医学工程，基础医学类，基础医学，预防医学,大专及以上,
深圳民声第三方监管有限公司,深圳市,食品安全检查员,4K-6K/月,5000.0,制药工程，化学，生物工程，食品科学与工程，医学检验技术,本科及以上,
上海派森诺生物科技股份有限公司,上海市 南京市,技术支持,6K-8K/月,7000.0,生物科学，生物技术，农学，植物保护,硕士及以上,
上海派森诺生物科技股份有限公司,全国,销售工程师(全国）,6K-8K/月,7000.0,生物技术，农学，植物保护，动物科学，临床医学,硕士及以上,
上海派森诺生物科技股份有限公司,上海市 南京市,生物信息工程师,4K-6K/月,5000.0,生物信息学，农学，植物保护,本科及以上,
康龙化成（北京）新药技术股份有限公司,北京市 天津市 宁波市 西安市 上海市,有机合成员,6K-8K/月,7000.0,化学类，应用化学，化学，化学生物学，分子科学与工程,硕士及以上,
浙江九洲药业股份有限公司,台州市 盐城市,质量人员,3.5K-6K/月,4750.0,材料化学，化工与制药类，化学工程与工艺，制药工程，化学工程与工业生物工程,本科及以上,
浙江九洲药业股份有限公司,台州市 杭州市,实验员,3.5K-6K/月,4750.0,药物分析，制药工程，化工与制药类，化学工程与工艺，化学工程与工业生物工程,本科及以上,
北京蓝色极点医药科技发展有限公司,北京市 武汉市 西安市,医学英语译审/翻译,3K-5K/月,4000.0,临床医学类，基础医学类，药学，生物技术，翻译，英语,本科及以上,"绩效奖金,岗前培训,岗位晋升,股票期权,交通补助"
东莞徐记食品有限公司,东莞市,产品管理培训生,5K-7K/月,6000.0,应用化学，生物技术，材料类，包装工程，设计学类，艺术设计学,本科及以上,"岗前培训,节日礼物,岗位晋升,带薪年假，免费食宿"
东莞徐记食品有限公司,东莞市,技术管理培训生,5K-7K/月,6000.0,生物技术，食品科学与工程，食品质量与安全，粮食工程，应用化学,本科及以上,"岗前培训,节日礼物,岗位晋升,带薪年假，免费食宿"
浙江花园生物高科股份有限公司,金华市,质检员,3.5K-10K/月,6750.0,生物制药,本科及以上,
浙江花园生物高科股份有限公司,金华市,质保员,3.5K-10K/月,6750.0,生物制药,本科及以上,
浙江海洲制药有限公司,台州市,项目工程师,3.5K-5.5K/月,4500.0,化学工程与工艺，化学工程与工业生物工程，制药工程,本科及以上,"年底双薪,绩效奖金,岗前培训,节日礼物,年度旅游,岗位晋升,房补,餐补,带薪年假"
武汉市佰益特化工有限公司,武汉市,外贸业务,3K-7K/月,5000.0,化工与制药类，化学工程与工艺，化学工程与工业生物工程，英语，德语,本科及以上,
海利尔药业集团股份有限公司,青岛市,有机合成研究员,4K-6K/月,5000.0,生物科学,硕士及以上,绩效奖金 岗前培训 节日礼物 岗位晋升 股票期权 带薪年假 餐补 房补 免费班车
海利尔药业集团股份有限公司,青岛市,农药创制研发,4K-20K/月,12000.0,生物科学,硕士及以上,
湖北联结生物材料有限公司,武汉市,质检员,3K-5K/月,4000.0,化学生物学，生物科学类，生物技术，临床医学,本科及以上,"绩效奖金,年底双薪，提供食宿，五险一金，周末双休"
厦门安捷致善医学数据科技有限公司,厦门市,调研工程师（食品营业专业）,4K-6K/月,5000.0,食品科学与工程类，食品科学与工程，食品营养与检验教育，食品卫生与营养学，生物技术,硕士及以上,
深圳市海浦蒙特科技有限公司,全国,技术支持工程师,5K-10K/月,7500.0,生物医学工程，电子信息工程，电气工程及其自动化，自动化，通信工程,本科及以上,
深圳市海浦蒙特科技有限公司,全国,行业拓展工程师,5K-10K/月,7500.0,生物医学工程，电子信息工程，电气工程及其自动化，自动化，通信工程,本科及以上,
正大天晴药业集团股份有限公司,全国,产品专员,8K-10K/月,9000.0,生物科学类，制药工程，化工与制药类，中西医结合类，药学类,硕士及以上,
正大天晴药业集团股份有限公司,全国,学术专员,6K-8K/月,7000.0,临床医学，药学，制药工程，生物工程，药品经营与管理,本科及以上,绩效奖金 岗前培训 年度旅游 岗位晋升 餐补 交通补助 带薪年假 弹性工作 包吃包住
湖北恒安芙林药业股份有限公司,宜昌市,设备技术人员,3K-5K/月,4000.0,电气工程及其自动化，电气类，电子信息工程，电子信息类，通信工程，自动化类，制药工程，生物制药,本科及以上,"绩效奖金,岗前培训,年度旅游,岗位晋升,股票期权,带薪年假,免费班车"
厦门安捷致善医学数据科技有限公司,厦门市,实验工程师,4K-6K/月,5000.0,生物科学，生物技术，生物科学类,大专及以上,
浙江燎原药业股份有限公司,台州市,研发实验员,3K-54K/月,28500.0,化学工程与工艺，制药工程，化学工程与工业生物工程，药学，药物分析,本科及以上,
昆明中药厂有限公司,昆明市,种植基地管理员,4K-6K/月,5000.0,生物医学工程，药学,本科及以上,
上海键合医药科技有限公司,上海市,合成研究员,4K-7K/月,5500.0,制药工程，生物工程，化学工程，化学工艺，化学工程与工艺,本科及以上,"年底双薪 ,带薪年假 ,节日礼物,年度旅游,岗位晋升,交通补助,餐补"
广州基迪奥生物科技有限公司,广州市,生物信息分析工程师,4K-8K/月,6000.0,数学类，数学与应用数学，信息与计算科学，数理基础科学，物理学类，物理学，应用物理学，核物理，声学，化学类，化学，应用化学，化学生物学，分子科学与工程，天文学类，天文学，地理科学类，地理科学，自然地理与资源环境，人文地理与城乡规划，地理信息科学，大气科学类，大气科学，应用气象学，海洋科学类，海洋科学，海洋技术，海洋资源与环境，军事海洋学，地球物理学类，地球物理学，空间科学与技术，地质学类，地质学，地球化学，地球信息科学与技术，古生物学，生物科学类，生物科学，生物技术，生物信息学，生态学，心理学类，心理学，应,本科及以上,"绩效奖金,岗前培训,节日礼物,扁平管理,年度旅游,岗位晋升,股票期权,弹性工作,员工旅游,,带薪年假"
广州基迪奥生物科技有限公司,广州市,实验室技术员,3K-6K/月,4500.0,植物生产类，农学，园艺，植物保护，植物科学与技术，种子科学与工程，设施农业科学与工程，茶学，烟草，应用生物科学，农艺教育，园艺教育，自然保护与环境生态类，农业资源与环境，野生动物与自然保护区管理，水土保持与荒漠化防治，动物生产类，动物科学，蚕学，蜂学，动物医学类，动物医学，动物药学，动植物检疫，林学类，林学，园林，森林保护，水产类，水产养殖学，海洋渔业科学与技术，水族科学与技术，草学类，草业科学，基础医学类，基础医学，临床医学类，临床医学，麻醉学，医学影像学，眼视光医学，精神医学，放射医学，口腔医学类，口,本科及以上,"绩效奖金,岗前培训,扁平管理,年度旅游,股票期权,员工旅游,带薪年假,弹性工作"
益善生物技术股份有限公司,广州市,市场专员,6K-10K/月,8000.0,生物科学类，生物技术，生物信息学，动物医学类，基础医学类，临床医学类,硕士及以上,免费班车、年度旅游、带薪年假
益善生物技术股份有限公司,全国,学术推广专员,6K-10K/月,8000.0,生物信息学，生物技术，生物科学类，动物医学类，基础医学类，临床医学类，预防医学,硕士及以上,五险一金
益善生物技术股份有限公司,上海市 北京市 广州市 福州市 成都市,技术员（检测/生产/质检）,3K-6K/月,4500.0,生物技术，医学技术类，医学检验技术，卫生检验与检疫，基础医学类，临床医学类，预防医学，动植物检疫,大专及以上,五险一金
益善生物技术股份有限公司,全国,技术支持,6K-10K/月,8000.0,生物技术，生物科学类，生物信息学，动物医学类，动物科学，预防医学，基础医学类，临床医学类,硕士及以上,五险一金
益善生物技术股份有限公司,全国,注册专员/临床监察员,6K-10K/月,8000.0,生物技术，生物科学类，生物信息学，动物医学类，基础医学类，临床医学类,硕士及以上,五险一金
益善生物技术股份有限公司,广州市,研发工程师,6K-10K/月,8000.0,生物科学，生物技术，生物信息学，动物科学，动物医学类，基础医学类，基础医学，临床医学类，临床医学，预防医学,硕士及以上,五险一金、餐补、免费班车、带薪年假、年度旅游、绩效奖金
厦门安捷致善医学数据科技有限公司,全国,销售管培生,5K-8K/月,6500.0,生物科学类，生物科学，生物技术，生物信息学，临床医学,本科及以上,"年底双薪,岗前培训,扁平管理,年度旅游,岗位晋升,弹性工作,员工旅游,交通补助"
厦门安捷致善医学数据科技有限公司,厦门市 上海市,生物信息分析工程师,5K-8K/月,6500.0,生物信息学,本科及以上,
深圳康泰生物制品股份有限公司,深圳市,生产工艺员（实习生）,2K-3K/月,2500.0,生物科学，预防医学，生物技术,本科及以上,
珠海联邦制药股份有限公司,珠海市,生产研发,5K-10K/月,7500.0,过程装备与控制工程，电气工程及其自动化，自动化，环境科学与工程，生物工程,本科及以上,
三诺生物传感股份有限公司,长沙市,试剂研发工程师,3.5K-7K/月,5250.0,化学类，应用化学，化学，化学生物学,硕士及以上,
湘江涂料科技有限公司,长沙市,技术研发工程师,4K-6K/月,5000.0,材料化学，化学工程与工业生物工程，化学工程与工艺，化工与制药类,本科及以上,
深圳市芭田生态工程股份有限公司,深圳市,研发员,7K-15K/月,11000.0,植物生产类，植物科学与技术，设施农业科学与工程，植物保护，农学，化学工程与工艺，化学工程与工业生物工程,硕士及以上,提供住宿 五险一金 年度体检 食住行补贴 年终奖励 提供创业平台
深圳市芭田生态工程股份有限公司,深圳市,博士后,8K-20K/月,14000.0,植物科学与技术，农学，化学工程与工艺，化学工程与工业生物工程,博士及以上,提供住宿 五险一金 深圳市博士后补贴 年度体检 食住行补贴 年终奖励 提供创业平台
益海嘉里（武汉）粮油工业有限公司,武汉市,化验员,3.5K-4K/月,3750.0,食品科学与工程，生物工程,本科及以上,
牧原食品股份有限公司,全国,育种研发助理,5.5K-6K/月,5750.0,动物药学，动物医学，生物工程,本科及以上,
牧原食品股份有限公司,全国,营养师,5.5K-6K/月,5750.0,生物医学工程，动物科学，动物医学类，动物医学，动植物检疫,本科及以上,
上海量健企业管理咨询服务有限公司,上海市,见习营养顾问,4K-8K/月,6000.0,食品卫生与营养学，康复治疗学，生物科学类，市场营销,大专及以上,
湖北葛店人福药用辅料有限责任公司,全国,医药代表,5K-10K/月,7500.0,化学，化学类，应用化学，分子科学与工程，化学生物学,本科及以上,
稳健医疗用品股份有限公司,河源市 咸宁市,检测工程师,3.5K-5K/月,4250.0,纺织类，纺织工程，材料类，生物科学类,本科及以上,
稳健医疗用品股份有限公司,黄冈市 深圳市,研发助理,3.5K-4.5K/月,4000.0,纺织类，化学类，生物工程类，高分子材料与工程,本科及以上,
稳健医疗用品股份有限公司,咸宁市 宜昌市,工艺工程师,3.5K-5K/月,4250.0,轻化工程，生物工程类，生物工程，纺织工程,本科及以上,
稳健医疗用品股份有限公司,深圳市,法规助理,4K-6K/月,5000.0,基础医学类，药学类，纺织类，生物医学工程类,本科及以上,
上海正帆科技股份有限公司,上海市 泰州市 扬州市 无锡市,助理项目工程师（机电工程方向）,4K-8K/月,6000.0,化学类，机械类，自动化类，化学工程与工业生物工程，化工与制药类,本科及以上,
陕西凤凰国际飞行学院有限责任公司,全国,民航飞行员公费,10K-20K/月,15000.0,资源与环境经济学，法学，历史学类，物理学类，数学类，化学生物学，地理科学类，海洋科学类，地质学类，生物科学类，冶金工程，化学工程与工艺，土木类，自动化类，电气工程及其自动化，光电信息科学与工程，矿业类，地质类,本科及以上,
上海目迩电子科技有限公司,上海市 成都市 广州市,健康咨询师健康顾问,3K-6K/月,4500.0,生物技术，中医学类，针灸推拿学，药事管理，护理学,大专及以上,
上海目迩电子科技有限公司,成都市 广州市 上海市,培训讲师,3K-5K/月,4000.0,生物技术,大专及以上,敢于演讲。敢于突破，遇见最好的自己
中化蓝天集团有限公司,郴州市 杭州市 绍兴市 西安市 苏州市,工艺工程师储备,5K-8K/月,6500.0,化学工程与工艺，化学工程与工业生物工程，过程装备与控制工程，化工与制药类，市场营销,本科及以上,
厦门松霖科技有限公司,厦门市,认证工程师,3K-5K/月,4000.0,数学类，数学与应用数学，信息与计算科学，数理基础科学，物理学类，物理学，应用物理学，核物理，声学，化学类，化学，应用化学，化学生物学，分子科学与工程，天文学类，天文学，地理科学类，地理科学，自然地理与资源环境，人文地理与城乡规划，地理信息科学，大气科学类，大气科学，应用气象学，海洋科学类，海洋科学，海洋技术，海洋资源与环境，军事海洋学，地球物理学类，地球物理学，空间科学与技术，地质学类，地质学，地球化学，地球信息科学与技术，古生物学，生物科学类，生物科学，生物技术，生物信息学，生态学，心理学类，心理学，应,本科及以上,
厦门松霖科技有限公司,厦门市,检测工程师,3K-5K/月,4000.0,数学类，数学与应用数学，信息与计算科学，数理基础科学，物理学类，物理学，应用物理学，核物理，声学，化学类，化学，应用化学，化学生物学，分子科学与工程，天文学类，天文学，地理科学类，地理科学，自然地理与资源环境，人文地理与城乡规划，地理信息科学，大气科学类，大气科学，应用气象学，海洋科学类，海洋科学，海洋技术，海洋资源与环境，军事海洋学，地球物理学类，地球物理学，空间科学与技术，地质学类，地质学，地球化学，地球信息科学与技术，古生物学，生物科学类，生物科学，生物技术，生物信息学，生态学，心理学类，心理学，应,本科及以上,
厦门松霖科技有限公司,厦门市,品质工程师,3K-5K/月,4000.0,数学类，数学与应用数学，信息与计算科学，数理基础科学，物理学类，物理学，应用物理学，核物理，声学，化学类，化学，应用化学，化学生物学，分子科学与工程，天文学类，天文学，地理科学类，地理科学，自然地理与资源环境，人文地理与城乡规划，地理信息科学，大气科学类，大气科学，应用气象学，海洋科学类，海洋科学，海洋技术，海洋资源与环境，军事海洋学，地球物理学类，地球物理学，空间科学与技术，地质学类，地质学，地球化学，地球信息科学与技术，古生物学，生物科学类，生物科学，生物技术，生物信息学，生态学，心理学类，心理学，应,本科及以上,
厦门松霖科技有限公司,厦门市,采购,3K-5K/月,4000.0,数学类，数学与应用数学，信息与计算科学，数理基础科学，物理学类，物理学，应用物理学，核物理，声学，化学类，化学，应用化学，化学生物学，分子科学与工程，天文学类，天文学，地理科学类，地理科学，自然地理与资源环境，人文地理与城乡规划，地理信息科学，大气科学类，大气科学，应用气象学，海洋科学类，海洋科学，海洋技术，海洋资源与环境，军事海洋学，地球物理学类，地球物理学，空间科学与技术，地质学类，地质学，地球化学，地球信息科学与技术，古生物学，生物科学类，生物科学，生物技术，生物信息学，生态学，心理学类，心理学，应,本科及以上,
厦门松霖科技有限公司,厦门市,生产管培生,5K-7K/月,6000.0,信息与计算科学，核物理，生物技术，生物科学类，生物科学,本科及以上,
浙江海翔药业股份有限公司,台州市,QC分析员,4K-5K/月,4500.0,化工与制药类，制药工程，化学工程与工艺，化学工程与工业生物工程，生物工程,本科及以上,
武汉博沃生物科技有限公司,武汉市,细胞病毒实验岗,4K-6.5K/月,5250.0,化工与制药类，化学生物学，生物技术，生物工程，生物制药,本科及以上,
武汉博沃生物科技有限公司,武汉市,分子互作工程师,3.5K-6K/月,4750.0,生物技术，生物工程，生物医学工程，生物制药,本科及以上,
武汉博沃生物科技有限公司,武汉市,结合工艺研究工程师,3.5K-6K/月,4750.0,生物工程,本科及以上,
湖南可菲香精香料科技有限公司,湘潭市,应用工程师助理,3K-8K/月,5500.0,化学类，化学，应用化学，化学生物学,本科及以上,包吃包住 年底双薪 绩效奖金 节日礼物 岗前培训 年度旅游 岗位晋升 健康体检
湖北省为源教育投资有限公司,武汉市,初高中化学教师,4K-8K/月,6000.0,化学类，化学，应用化学，化学生物学，材料化学,本科及以上,
深圳市恒纬祥科技有限公司,深圳市,研发助理,4K-6K/月,5000.0,高分子材料与工程，化学工程与工艺，化学工程与工业生物工程,本科及以上,年度旅游  年度体检  节假日福利  晋升空间  多方面培训  包食宿
浙江华海药业股份有限公司,台州市,环保员,3.8K-6K/月,4900.0,化工与制药类，制药工程，化学工程与工艺，化学工程与工业生物工程,大专及以上,
江苏豪森药业集团有限公司,上海市,产品专员,6K-10K/月,8000.0,药学类，临床药学，生物医学工程类，临床医学类,本科及以上,
湖北男腔工有限责任公司,随州市,研发技术员,3.5K-5K/月,4250.0,材料化学，高分子材料与工程，化学工程与工业生物工程，化学工程与工艺，化工与制药类,本科及以上,
武汉超支化树脂科技有限公司,武汉市,销售业务员,4K-10K/月,7000.0,化学类，应用化学，化学，化学生物学，材料化学，能源化学工程，化学工程与工业生物工程,大专及以上,社会五险 房租补贴 销售提成
广州峻美生物科技有限公司,广州市,化妆品配方工程师,面议,0.0,化工与制药类，化学工程与工艺，化学工程与工业生物工程，轻工类，轻化工程,本科及以上,
四川沱牌舍得酒业股份有限公司,遂宁市,酿酒管培生,3.5K-4K/月,3750.0,酿酒工程，生物工程,大专及以上,
绍兴兴欣化工有限公司,绍兴市,工艺员（储备干部）,6K-8K/月,7000.0,化学工程与工艺，应用化学，化学，化学生物学，分子科学与工程,本科及以上,节日礼物  岗位晋升 带薪年假 餐补 房补 免费班车 员工旅游 健康体检 交通补助
江苏氢阳能源有限公司,武汉市,工艺实验员,350K-450K/月,400000.0,化学工程与工艺，应用化学，化学类，化学，化学生物学，地球化学，材料化学，能源化学工程，化学工程与工业生物工程，药物化学,大专及以上,五险一金 周末双休 包住 餐补（20元/日） 交通补贴（10元/日） 住房补贴 全勤奖 绩效奖金等
武汉光谷新药孵化公共服务平台有限公司,武汉市,项目管理培训生,面议,0.0,化学生物学，化学类，生物科学类，生物技术，生物信息学,本科及以上,
四川沱牌舍得酒业股份有限公司,遂宁市,酿酒生产管培生,3.5K-4K/月,3750.0,生物科学类，生物技术，生物科学,大专及以上,无线一金  免费住宿  带薪年假  大额医保  补充医保  商业保险
深圳市中玺安安全技术有限公司,深圳,安全技术专员,3K-6K/月,4500.0,化学工程与工艺，安全工程，化学工程与工业生物工程，电气工程与智能控制，电气类,本科及以上,
深圳康泰生物制品股份有限公司,深圳市,生化实验员,2K-3K/月,2500.0,生物工程，，,本科及以上,
湖北回头客食品有限公司,孝感市,管培生(培养方向：生产管理-化验-营销）,3.5K-5K/月,4250.0,机械设计制造及其自动化，机械工程，材料科学与工程，材料化学，电气工程及其自动化，自动化类，自动化，食品科学与工程类，食品科学与工程，食品质量与安全，食品营养与检验教育，烹饪与营养教育，生物工程类，生物制药，生物工程，管理科学与工程类，管理科学，工商管理，工商管理类，市场营销，人力资源管理，行政管理，工业工程类，电子商务类，电子商务及法律，电子商务，质量管理工程,大专及以上,五险一金、包住、培训学习机会、晋升快、薪资高、（食品科学、机电一体化、营销、化学等专业优先）
上海友尹化工装备有限公司,上海市,化工工艺工程师,面议,0.0,化学工程与工艺，化工与制药类，制药工程，化学工程与工业生物工程,本科及以上,
深圳康泰生物制品股份有限公司,深圳市,疫苗生产工艺员,5.5K-8K/月,6750.0,制药工程，生物技术，预防医学，医学检验技术,本科及以上,
广东贝源检测技术股份有限公司,广州市,销售助理,3.5K-4.5K/月,4000.0,市场营销，环境工程，，生物工程，,本科及以上,
广东贝源检测技术股份有限公司,广州市,销售代表,3.5K-5K/月,4250.0,市场营销，环境工程，，生物工程，,大专及以上,
广东贝源检测技术股份有限公司,广州市,报告编辑工程师,3.5K-4.5K/月,4000.0,环境工程，，化学，生物工程，,大专及以上,
广东贝源检测技术股份有限公司,广州市,无机分析工程师,3.5K-5K/月,4250.0,环境工程，，卫生检验与检疫，，生物工程,本科及以上,
广东贝源检测技术股份有限公司,广州市,有机实验分析工程师,4K-5K/月,4500.0,环境工程，，生物工程，,本科及以上,
广东贝源检测技术股份有限公司,广州市,微生物分析工程师,3.5K-4.5K/月,4000.0,生物技术,大专及以上,
广州维正知识产权代理有限公司,全国,专利工程师助理,5K-8K/月,6500.0,电气工程及其自动化，通信工程，自动化，电子信息工程，生物医学工程,本科及以上,股票期权 带薪年假 员工旅游 健康体检 扁平管理 节日礼物 年度旅游 岗位晋升 绩效奖金 岗前培训
深圳康泰生物制品股份有限公司,深圳市,质量监督储干（QA）,3K-3.5K/月,3250.0,制药工程，生物技术,硕士及以上,
北京经纬传奇医药科技有限公司,北京市 上海市 长沙市,稽查员助理稽查员,面议,0.0,海洋科学，生物科学类，临床医学，临床医学类，中药学,本科及以上,
武汉市思泰利医疗器械发展有限公司,武汉市,品质管理员,面议,0.0,化学生物学，物理学类，应用化学，生物科学类,本科及以上,
上海大桥化工有限公司,上海市,技术工程师,3.5K-4.5K/月,4000.0,化学，化学生物学，分子科学与工程，应用化学，化学类,本科及以上,
北京白象新技术有限公司,北京市,生物实验员,5K-6K/月,5500.0,化学，化学生物学,大专及以上,
武汉市思泰利医疗器械发展有限公司,武汉市,品管员,面议,0.0,物理学类，化学类，生物科学,本科及以上,
湖北美天生物科技股份有限公司,武汉市,合成研发人员,3K-5K/月,4000.0,化学类，化学，应用化学，化学生物学，材料化学,本科及以上,实验室研发，晋升空间大，行业标杆
浙江天丰生物科学有限公司,金华市,工程师,6K-10K/月,8000.0,化学类，化学生物学，材料化学,不限,
广州元帅生物科技有限公司,广州市,生物实验室科研人员,5K-8K/月,6500.0,生物医学工程类，生物工程,硕士及以上,
广州元帅生物科技有限公司,广州市,生物实验室制配中心科研人员,5K-8K/月,6500.0,生物医学工程,硕士及以上,
广州元帅生物科技有限公司,广州市,生物实验室制配中心研发技术人员,5K-8K/月,6500.0,生物医学工程，生物工程,硕士及以上,
浙江天丰生物科学有限公司,金华市,品质管理,3K-5K/月,4000.0,应用化学，化学类，化学生物学，化学，古生物学，生物技术，化学工程与工艺，制药工程，化工与制药类，农学，植物保护，园艺，植物生产类,大专及以上,
浙江天丰生物科学有限公司,全国,市场管理市场营销,7K-10K/月,8500.0,市场营销，农学，植物保护，应用生物科学，园艺，植物生产类，植物科学与技术,本科及以上,
浙江天丰生物科学有限公司,金华市,设备管理,3K-5K/月,4000.0,机械工程，机械类，自动化，化学工程与工艺，化学工程与工业生物工程，农业机械化及其自动化，安全工程，生物工程类,大专及以上,
浙江天丰生物科学有限公司,金华市,生产管理,3K-5K/月,4000.0,管理科学，农学，植物保护，材料化学，应用化学，化学生物学，分子科学与工程，化学,本科及以上,
浙江天丰生物科学有限公司,金华市,研发助理,3K-5K/月,4000.0,化学类，应用化学，化学，化学生物学，材料化学，农学，植物保护,大专及以上,
浙江天丰生物科学有限公司,金华市,研发工程师,5K-7K/月,6000.0,化学，化学生物学，分子科学与工程，应用化学，化学类，材料化学，生物制药,硕士及以上,
云南莱博科技有限公司,昆明市,试剂耗材专员,4K-8K/月,6000.0,生物科学类，生物技术，生物医学工程类，生物工程类，生物科学,本科及以上,
云南莱博科技有限公司,昆明市,总经理业务助理,4K-8K/月,6000.0,生物科学类，生物技术，生物医学工程，生物工程类，生物科学,硕士及以上,
云南莱博科技有限公司,昆明市,产品专员,4K-8K/月,6000.0,生物医学工程类，生物工程，生物制药，植物科学与技术，化学类，分子科学与工程，应用化学，化学，化学生物学,本科及以上,绩效奖金 岗前培训 节日礼物 年度旅游 岗位晋升 带薪年假 交通补助 餐补 健康体检
湖南中烟工业有限责任公司,长沙市,技术研究岗位,面议,0.0,化学工程与工艺，生物工程类，应用生物科学，经济统计学，化学类，物理学类,本科及以上,
湖南精城特种陶瓷有限公司,长沙市,储备干部,3.5K-4.5K/月,4000.0,化学类，化学，应用化学，化学生物学，工程力学，机械类，机械工程，机械设计制造及其自动化，无机非金属材料工程，高分子材料与工程，市场营销，国际商务，电子商务类,大专及以上,"绩效奖金,岗前培训,交通补助,房补,员工旅游 岗位晋升"
广州元帅生物科技有限公司,广州市,细胞实验室科研人员,5K-8K/月,6500.0,生物工程类，生物制药,本科及以上,
广州元帅生物科技有限公司,广州市,实验室制配中心科研人员,5K-8K/月,6500.0,生物医学工程，生物工程类，生物工程,本科及以上,
广东贝源检测技术股份有限公司,广州市,无机工程师,3.5K-5K/月,4250.0,环境工程，环境科学与工程类，化学类，应用化学，生物技术,本科及以上,
广东贝源检测技术股份有限公司,广州市,有机分析工程师,3.5K-5K/月,4250.0,环境工程，环境科学与工程类，化学类，应用化学，生物技术,大专及以上,
广东贝源检测技术股份有限公司,广州市,采购员,3K-4K/月,3500.0,生物技术，环境工程，环境科学与工程，应用化学,大专及以上,
广东贝源检测技术股份有限公司,广州市,体系工程师,3.5K-5K/月,4250.0,生物技术，化学,本科及以上,
宜昌东阳光长江药业股份有限公司,宜昌市,工艺员,3.1K-4.2K/月,3650.0000000000005,化学类，应用化学，化学，化学生物学，生物工程类，生物制药，生物工程，药学类，药学，药物制剂，药物分析，药物化学，生物科学类，生物技术，生物科学,本科及以上,
宁波易达教育科技有限公司,宁波市,高中化学生物物理教师,7K-10K/月,8500.0,物理学，生物技术，化学，生物科学，化学类,本科及以上,
浙江永太科技股份有限公司,台州市,QC检测,3K-5K/月,4000.0,制药工程，化学，化学工程与工艺，资源循环科学与工程，生物技术,大专及以上,
洪湖市一泰科技有限公司,荆州市,储备干部1,3K-5K/月,4000.0,化学类，应用化学，材料化学，化学工程与工艺，化学工程与工业生物工程,中专及以上,
岳阳市理工职业技术学校服装厂,岳阳市,生物教师,6K-7K/月,6500.0,生物科学,本科及以上,
上海晶诺生物科技有限公司,佛山市,研发工程师－蛋白质纯化方向,3.8K-7.6K/月,5699.999999999999,生物科学类，生物科学，生物技术,本科及以上,有人带   晋升快  福利好 年年调薪 环境氛围佳 节日礼物 年度旅游 餐补 带薪年假
上海晶诺生物科技有限公司,佛山市,研发工程师－蛋白质质量检测QA方向,3.8K-7.6K/月,5699.999999999999,生物科学类，生物科学，生物技术,大专及以上,有人带   晋升快  福利好 年年调薪 环境氛围佳 年度旅游 带薪年假 餐补 节日礼物
上海晶诺生物科技有限公司,佛山市,研发工程师－分子生物学方向,3.8K-7.6K/月,5699.999999999999,生物科学类，生物科学，生物技术,大专及以上,有人带   晋升快  福利好 年年调薪 环境氛围佳 节日礼物 带薪年假 年度旅游 餐补
武汉润禾生物医药有限公司,武汉市,质检员,3K-4K/月,3500.0,化学生物学，生物医学工程，生物制药，药学，中药学,本科及以上,包食宿
湖南华麒资源环境科技发展有限公司,株洲市,研发人员,面议,0.0,材料化学，能源化学工程，化学工程与工业生物工程，金属材料工程，矿物资源工程,本科及以上,
萍乡实验学校,萍乡市,高中各科老师（语数英物化生政历地体育心理计算机）,面议,0.0,英语，汉语言文学，化学工程与工艺，生物科学类，计算机科学与技术,本科及以上,
荆门盛隆科技有限公司,荆门市,生产管理,3K-6K/月,4500.0,化学，化学生物学，化学类，应用化学,大专及以上,
山东泉林嘉有肥料有限责任公司,聊城市,生物技术专业人才,3K-5K/月,4000.0,生物科学，生物技术，生物工程,大专及以上,
新华创新谷国际控股有限公司,广州市,IT工程师,4K-6K/月,5000.0,数学类，数学与应用数学，信息与计算科学，数理基础科学，物理学类，物理学，应用物理学，核物理，声学，化学类，化学，应用化学，化学生物学，分子科学与工程，天文学类，天文学，地理科学类，地理科学，自然地理与资源环境，人文地理与城乡规划，地理信息科学，大气科学类，大气科学，应用气象学，海洋科学类，海洋科学，海洋技术，海洋资源与环境，军事海洋学，地球物理学类，地球物理学，空间科学与技术，地质学类，地质学，地球化学，地球信息科学与技术，古生物学，生物科学类，生物科学，生物技术，生物信息学，生态学，心理学类，心理学，应,本科及以上,
新华创新谷国际控股有限公司,广州市,技术平台负责人,6K-8K/月,7000.0,数学类，数学与应用数学，信息与计算科学，数理基础科学，物理学类，物理学，应用物理学，核物理，声学，化学类，化学，应用化学，化学生物学，分子科学与工程，天文学类，天文学，地理科学类，地理科学，自然地理与资源环境，人文地理与城乡规划，地理信息科学，大气科学类，大气科学，应用气象学，海洋科学类，海洋科学，海洋技术，海洋资源与环境，军事海洋学，地球物理学类，地球物理学，空间科学与技术，地质学类，地质学，地球化学，地球信息科学与技术，古生物学，生物科学类，生物科学，生物技术，生物信息学，生态学，心理学类，心理学，应,本科及以上,急招高薪诚聘
广东聚石化学股份有限公司,清远市,化工储备干部,6K-6K/月,6000.0,化学，应用化学，化学类，分子科学与工程，材料类，材料科学与工程，材料化学，高分子材料与工程，粉体材料科学与工程，功能材料，化学工程与工艺，化学工程与工业生物工程,硕士及以上,
广东聚石化学股份有限公司,清远市,工程师（塑胶技术部）,6K-6K/月,6000.0,材料类，材料成型及控制工程，材料化学，材料科学与工程，高分子材料与工程，功能材料，化学工程与工艺，化学工程与工业生物工程,硕士及以上,
帕潘纳（北京）科技有限公司,北京市,合成助理,面议,0.0,应用化学，化学工程与工艺，化学工程与工业生物工程，化学，药物化学,本科及以上,
帕潘纳（北京）科技有限公司,北京市,制剂研究工程师,面议,0.0,化学，应用化学，药物化学，化学生物学，化学工程与工艺,硕士及以上,
珠海冀百康生物科技有限公司,珠海市,药物纯化研究员,3.5K-7K/月,5250.0,化学工程与工艺，制药工程，药物制剂，药学，生物科学类,本科及以上,公司还对于工作一定年限的优秀员工给予股权激励，
珠海冀百康生物科技有限公司,珠海市,菌种研究员,3.5K-7K/月,5250.0,生物科学类,本科及以上,公司对于工作一定年限的优秀员工给予股权激励
宜城市共同药业有限公司,襄樊市,EHS专员,3K-4K/月,3500.0,生物医学工程，生物工程，生物制药，化学生物学，生物技术,本科及以上,
宜城市共同药业有限公司,襄樊市,合成药物研发员,3K-4K/月,3500.0,化学生物学，生物工程，生物制药，药物化学，化学工程与工业生物工程,本科及以上,
宜城市共同药业有限公司,襄樊市,仪表自动化,3K-4K/月,3500.0,生物工程，生物工程类，化学生物学，生物制药，化学工程与工业生物工程,本科及以上,
宜城市共同药业有限公司,襄樊市,QAQC,3K-4K/月,3500.0,化学工程与工业生物工程，应用化学，化学生物学，药物化学，生物工程,本科及以上,
宜城市共同药业有限公司,襄樊市,菌种生物研发员,3K-4K/月,3500.0,化学工程与工艺，化学工程与工业生物工程，化学生物学，药物化学,本科及以上,
江苏康尚生物医疗科技有限公司,深圳市,算法实习工程师,3K-4K/月,3500.0,生物医学工程,硕士及以上,
华农恒青实业有限公司,宜春市 赣州市 抚州市 新余市 九江市 上饶市 嘉兴市,化验员,面议,0.0,化学，食品科学与工程，食品质量与安全，化学工程与工艺，生物工程,大专及以上,
石家庄以岭药业股份有限公司,长沙市 株洲市 湘潭市 衡阳市 邵阳市 永州市 常德市 郴州市,储备地区销售经理,面议,0.0,药学，生物工程，医学检验技术，临床医学，护理,大专及以上,
浙江亚光科技股份有限公司,温州市,化工工艺工程师,3K-5K/月,4000.0,化学工程与工艺，制药工程，化学工程与工业生物工程,本科及以上,
罗田县新普生药业有限公司,黄冈市,安环员,面议,0.0,化学工程与工艺，环保设备工程，安全工程，电气工程及其自动化，生物制药,大专及以上,
杭州千克知识产权代理有限公司,武汉市,专利工程师,面议,0.0,机械设计制造及其自动化，电子信息类，计算机类，物理学，生物信息学,本科及以上,绩效奖金 岗前培训 年度旅游 岗位晋升 带薪年假 餐补 员工旅游
晶科能源有限公司,全国,技术管培生,4K-8K/月,6000.0,数学类，数学与应用数学，信息与计算科学，数理基础科学，物理学类，物理学，应用物理学，核物理，声学，化学类，化学，应用化学，化学生物学，分子科学与工程，天文学类，天文学，地理科学类，地理科学，自然地理与资源环境，人文地理与城乡规划，地理信息科学，大气科学类，大气科学，应用气象学，海洋科学类，海洋科学，海洋技术，海洋资源与环境，军事海洋学，地球物理学类，地球物理学，空间科学与技术，地质学类，地质学，地球化学，地球信息科学与技术，古生物学，生物科学类，生物科学，生物技术，生物信息学，生态学，心理学类，心理学，应,本科及以上,年底双薪 绩效奖金 岗前培训 节日礼物 岗位晋升 带薪年假 餐补 免费班车 员工旅游
晶科能源有限公司,全国,研发中心管培生,5K-8K/月,6500.0,物理学类，材料类，数学类，数学与应用数学，信息与计算科学，数理基础科学，物理学，应用物理学，核物理，声学，化学类，化学，应用化学，化学生物学，分子科学与工程，天文学类，天文学，地理科学类，地理科学，自然地理与资源环境，人文地理与城乡规划，地理信息科学，大气科学类，大气科学，应用气象学，海洋科学类，海洋科学，海洋技术，海洋资源与环境，军事海洋学，地球物理学类，地球物理学，空间科学与技术，地质学类，地质学，地球化学，地球信息科学与技术，古生物学，生物科学类，生物科学，生物技术，生物信息学，生态学，心理学类，心,硕士及以上,年底双薪 绩效奖金 岗前培训 节日礼物 带薪年假 岗位晋升 餐补 免费班车 员工旅游
武汉明德生物科技股份有限公司,武汉市,试剂研发工程师（化学发光）,4K-6K/月,5000.0,生物科学类，生物技术，生物科学,本科及以上,
武汉明德生物科技股份有限公司,武汉市,试剂研发工程师（分子诊断）,4K-6K/月,5000.0,生物科学，生物技术，生物科学类,本科及以上,
武汉明德生物科技股份有限公司,北京市 上海市 天津市 重庆市 石家庄市 太原市 沈阳市 长春市 郑州市 南京市 杭州市 合肥市 福州市 南昌市 济南市 武汉市 长沙市 广州市 海口市 成都市 贵阳市 昆明市 西安市 兰州市 西宁市,销售管理培训生,4K-6K/月,5000.0,化学类，化学，应用化学，分子科学与工程，化学生物学，生物技术，生物科学类，生物科学，生物信息学，生态学，基础医学类，基础医学，临床医学类，临床医学，麻醉学，医学影像学，眼视光医学，精神医学，放射医学，口腔医学类，口腔医学，公共卫生与预防医学类，预防医学，食品卫生与营养学，妇幼保健医学，卫生监督，全球健康学，中医学类，中医学，针灸推拿学，藏医学，蒙医学，维医学，壮医学，哈医学，中西医结合类，中西医临床医学，药学类，药学，药物制剂，临床药学，药事管理，药物分析，药物化学，海洋药学，中药学类，中药学，中药资源与,大专及以上,
凯莱英医药集团（天津）股份有限公司,天津,QA协作员,4K-4K/月,4000.0,化学类，化学，应用化学，化学生物学，地球化学，材料化学，化学工程与工艺，能源化学工程，化学工程与工业生物工程，药物化学，化工与制药类，制药工程，生物制药，中药制药，药物制剂,本科及以上,
凯莱英医药集团（天津）股份有限公司,天津,生产助理工程师,4K-4K/月,4000.0,化学类，化学，应用化学，化学生物学，地球化学，材料化学，化学工程与工艺，能源化学工程，化学工程与工业生物工程，药物化学，化工与制药类，制药工程，生物制药，中药制药，药物制剂,本科及以上,
凯莱英医药集团（天津）股份有限公司,天津,有机合成研究员,4K-7K/月,5500.0,化工与制药类，制药工程，生物制药，中药制药，化学类，化学，应用化学，化学生物学，地球化学，材料化学，化学工程与工艺，能源化学工程，化学工程与工业生物工程，药物化学，药物制剂,本科及以上,
山东泉林嘉有肥料有限责任公司,聊城市,农化员,3.5K-5K/月,4250.0,植物生产类，农学，园艺，植物保护，植物科学与技术，种子科学与工程，设施农业科学与工程，茶学，烟草，应用生物科学，农艺教育，园艺教育，自然保护与环境生态类，农业资源与环境，野生动物与自然保护区管理，水土保持与荒漠化防治，动物生产类，动物科学，蚕学，蜂学，动物医学类，动物医学，动物药学，动植物检疫，林学类，林学，园林，森林保护，水产类，水产养殖学，海洋渔业科学与技术，水族科学与技术，草学类，草业科学,大专及以上,
伊利苏州乳业有限责任公司,苏州市,生产类,4K-6K/月,5000.0,机械工程，机械设计制造及其自动化，机械电子工程，过程装备与控制工程，食品科学与工程，食品质量与安全，乳品工程，食品科学与工程类，生物制药，生物工程,大专及以上,
上海派森诺生物科技股份有限公司,上海市 南京市,研发项目经理,12K-15K/月,13500.0,生物科学类，生物科学，生物技术，生物信息学,博士及以上,
深圳百佳鸿电子科技有限公司,深圳市 东莞市,经理助理,5K-8K/月,6500.0,生物工程，食品质量与安全，市场营销，医学信息工程，自动化类,大专及以上,有很大的晋升空间  作息时间健康  学到更多医疗护理知识   提成高   团队氛围好   做五休二
安徽安力肽生物科技有限公司,安徽省霍山经济开发区,生产技术员,3K-10K/月,6500.0,化学，生物技术，药学，食品科学与工程,本科及以上,
安徽安力肽生物科技有限公司,安徽省霍山经济开发区,质量管理,3K-5K/月,4000.0,化学，生物技术，药学，食品科学与工程,本科及以上,
安徽安力肽生物科技有限公司,安徽省霍山经济开发区,研发专员,3K-10K/月,6500.0,化学，生物技术，药学，食品科学与工程,本科及以上,
上海派森诺生物科技股份有限公司,南京市 上海市,产品经理,12K-15K/月,13500.0,生物医学工程类，生物医学工程，动物医学类，动物药学，林学,博士及以上,
上海至纯洁净系统科技股份有限公司,上海市 重庆市 武汉市 南京市,设计助理,4K-6K/月,5000.0,机械工程，机械设计制造及其自动化，机械类，机械电子工程，机械工艺技术，电气类，电子信息工程，电子科学与技术，电子信息科学与技术，应用电子技术教育，自动化类，自动化，化学工程与工艺，化学工程与工业生物工程，制药工程，化工与制药类,大专及以上,
上海至纯洁净系统科技股份有限公司,上海市 重庆市 南京市 武汉市,服务工程师,4K-6K/月,5000.0,电子信息工程，电子信息类，电子科学与技术，化学工程与工艺，化工与制药类，水质科学与技术，生物医学工程类，生物医学工程,大专及以上,
上海至纯洁净系统科技股份有限公司,上海市 重庆市 南京市 武汉市,项目助理,4K-6K/月,5000.0,工程力学，土木类，土木工程，地质类，地质工程，勘查技术与工程，资源勘查工程，工程物理，环境生态工程，环境工程，环境科学与工程，建筑类，建筑学，安全工程，生物工程,大专及以上,
安琪酵母股份有限公司,宜昌市,国内销售储备经理,3.5K-5K/月,4250.0,化学，化学生物学，应用化学，分子科学与工程，动物医学类,本科及以上,
无锡儒德科技发展有限公司,上海市 无锡市 常州市 苏州市,健康顾问,3K-5K/月,4000.0,预防医学，中医学类，中药学类，基础医学类，生物科学类,大专及以上,
湘潭电化集团有限公司,湘潭市,生产管理储备干部,4K-7K/月,5500.0,化学类，化学，应用化学，地球化学，机械类，机械工程，机械设计制造及其自动化，仪器类，材料化学，能源与动力工程，电气类，电气工程及其自动化，电气工程与智能控制，土木类，土木工程，化学工程与工艺，能源化学工程，化学工程与工业生物工程，环境工程，安全工程，工程管理，工程造价,本科及以上,岗前培训、岗位晋升、通行车、带薪年假、年终奖、工作餐、双休、工作8小时制、享受国家规定的各种节假日
武汉明上知识产权代理有限公司,武汉市,专利代理人,6K-15K/月,10500.0,法学类，知识产权，信息与计算科学，化学生物学,本科及以上,
福建华佳彩有限公司,莆田市,制程（TF）工程师,4K-5.6K/月,4800.0,化学，化学生物学，应用化学，化学类，物理学，地理科学，地理科学类，机械工程，材料成型及控制工程，工业设计，过程装备与控制工程，机械工艺技术，材料类，材料物理,本科及以上,
青岛星牌作物科学有限公司,青岛,业务经理,5K-10K/月,7500.0,植物生产类，农学，园艺，植物保护，植物科学与技术，种子科学与工程，设施农业科学与工程，茶学，烟草，应用生物科学，农艺教育，园艺教育，自然保护与环境生态类，农业资源与环境，野生动物与自然保护区管理，水土保持与荒漠化防治，动物生产类，动物科学，蚕学，蜂学，动物医学类，动物医学，动物药学，动植物检疫，林学类，林学，园林，森林保护，水产类，水产养殖学，海洋渔业科学与技术，水族科学与技术，草学类，草业科学,本科及以上,
广东东阳光科技控股股份有限公司,韶关市,储备干部,5.5-8万元/年,0.0,历史学，法学，经济学，金融学，财政学类，应用化学，化学，材料化学，生物工程，安全工程，环境工程,本科及以上,
岳阳市中岳经贸职业技术学校,岳阳市,生物老师,4K-8K/月,6000.0,生物科学类,本科及以上,
杭州杏林信息科技有限公司,杭州市,产品工程师,8K-12K/月,10000.0,数学类，物理学类，化学类，生物科学类，预防医学，公共卫生与预防医学类，基础医学类，医学影像学，医学技术类，力学类，机械类，材料类，能源动力类，电气类，电子信息类,硕士及以上,
广州信谱徕科学仪器有限公司,广州市,实验耗材销售,3K-8K/月,5500.0,化学类，化学，应用化学，化学生物学，海洋资源与环境，地球化学，生物科学类，生物科学，生物技术，生物信息学，材料化学，化工与制药类，化学工程与工艺，制药工程，能源化学工程，化学工程与工业生物工程，环境科学与工程类，环境科学与工程，环境工程，环境科学，环境生态工程，资源环境科学，生物医学工程类，生物医学工程，生物工程类，生物工程，生物制药，应用生物科学，农业资源与环境，药学类，药学，药物制剂，药事管理，药物分析，药物化学，海洋药学，中药学类，中药学，中药资源与开发，中药制药,大专及以上,周末双休 朝九晚五 节假日休息 带薪年假 产假陪产假 工资提成高 涨得快
武汉巴菲尔生物技术服务有限公司,武汉市,PM项目管理员,面议,0.0,化学生物学，生物科学类，生物科学，生物技术，生物信息学，化学工程与工业生物工程，生物医学工程类，生物医学工程，生物工程类，生物工程，生物制药，应用生物科学,本科及以上,
武汉巴菲尔生物技术服务有限公司,武汉市,生物实验技术员,面议,0.0,化学生物学，生物科学类，生物科学，生物技术，生物信息学，化学工程与工业生物工程，生物医学工程类，生物医学工程，生物工程类，生物工程，生物制药，应用生物科学,本科及以上,
武汉巴菲尔生物技术服务有限公司,武汉市,销售工程师,面议,0.0,化学生物学，生物科学类，生物科学，生物技术，生物信息学，化学工程与工业生物工程，生物医学工程类，生物医学工程，生物工程类，生物工程，生物制药，应用生物科学,大专及以上,
上海微谱化工技术服务有限公司,上海市,销售工程师,面议,0.0,化学生物学，化学，化学类，应用化学，分子科学与工程，生物科学类，生物技术，生物科学，材料类，材料科学与工程，材料化学，金属材料工程，材料物理，高分子材料与工程，复合材料与工程，食品科学与工程类，食品科学与工程，食品质量与安全,本科及以上,
浙江我武生物科技股份有限公司,湖州市,生产技术人员,面议,0.0,生物工程，食品质量与安全，药学,大专及以上,
广东风华高新科技股份有限公司,肇庆市,技术员,面议,0.0,信息与计算科学，物理学类，应用物理学，化学，化学生物学，应用化学，化学类，物理学，机械工程，材料成型及控制工程，工业设计，材料类，材料物理，材料化学，材料科学与工程，机械电子工程，机械类，机械设计制造及其自动化，会计学，工商管理，财务会计教育，市场营销教育,本科及以上,
广州周立功单片机科技有限公司,广州市,算法工程师,面议,0.0,通信工程，生物医学工程，电子信息工程，电气工程及其自动化，自动化,本科及以上,
广州周立功单片机科技有限公司,广州市,市场工程师,面议,0.0,通信工程，电气工程及其自动化，自动化，生物医学工程，电子信息工程,本科及以上,
巨江电源科技有限公司,金华市,生产技术实习生,面议,0.0,化学工程与工业生物工程，能源化学工程，化学工程与工艺，自动化类，自动化，电气工程及其自动化，电气工程与智能控制，电气类，新能源科学与工程，能源与环境系统工程，能源动力类，新能源材料与器件，高分子材料与工程，粉体材料科学与工程，焊接技术与工程，纳米材料与技术，材料物理，材料化学，材料科学与工程，材料类，测控技术与仪器，机电技术教育，仪器类，机械工艺技术，汽车服务工程，汽车维修工程教育，车辆工程，工业设计，过程装备与控制工程，机械电子工程，材料成型及控制工程，机械工程，机械设计制造及其自动化，机械类,大专及以上,
宜都市东阳光实业发展有限公司,宜昌市,工艺员,3K-4K/月,3500.0,化学，应用化学，化学生物学，生物技术，生物制药，生物工程类，生物工程，制药工程，化学工程与工艺，药物化学，化学类，药物分析，材料科学与工程，材料化学,大专及以上,
江西贝美药业有限公司,上海市,研发实验员,面议,0.0,化学类，化学，应用化学，化学生物学，地球化学，材料化学，化学工程与工艺，能源化学工程，化学工程与工业生物工程，药物化学，化工与制药类，制药工程，生物制药，中药制药，古生物学，生物科学类，生物科学，生物技术，生物信息学，生物医学工程类，生物医学工程，生物工程类，生物工程，应用生物科学,大专及以上,
江西贝美药业有限公司,上饶市,QC检测员,面议,0.0,化学类，化工与制药类，化学工程与工艺，生物科学类，药学类,大专及以上,绩效奖金 岗前培训 节日礼物 年度旅游 岗位晋升 带薪年假 员工旅游 包吃包住 健康体检
扬子江药业集团广州海瑞药业有限公司,北京市 上海市 广州市 南京市 常州市 苏州市 泰州市 成都市,质量管理储备干部,4K-6K/月,5000.0,化工与制药类，制药工程，生物制药，药学类，药学，药物制剂，临床药学，药事管理，药物分析，药物化学，中药学类，中药学，中药资源与开发，中药制药,本科及以上,
扬子江药业集团广州海瑞药业有限公司,广州市 上海市 北京市 南京市 成都市 泰州市 苏州市 常州市,生产管理储备干部,4K-6K/月,5000.0,化工与制药类，制药工程，生物制药，药学类，药物制剂，药事管理，药物化学，中药学类，中药资源与开发，中药制药，中药学，药物分析，临床药学，药学,本科及以上,
宜都市东阳光实业发展有限公司,宜都,技术员,3K-5K/月,4000.0,生物技术，生物科学,本科及以上,
浙江传化股份有限公司,杭州市,化工质量检验（兼任TMP）,3.5K-5K/月,4250.0,化学类，应用化学，化学，化学工程与工艺，化工与制药类，制药工程，化学工程与工业生物工程，轻化工程，生物制药，生物工程类,大专及以上,
浙江传化股份有限公司,杭州市,仪器分析,3.5K-5K/月,4250.0,仪器类，化学，应用化学，化学类，化学工程与工艺，化工与制药类，制药工程，化学工程与工业生物工程，轻化工程，生物制药,本科及以上,
浙江传化股份有限公司,杭州市,生产管理,4K-6K/月,5000.0,化学类，化学，应用化学，化学工程与工艺，化工与制药类，能源化学工程，资源循环科学与工程，化学工程与工业生物工程，轻化工程，环境工程,大专及以上,
宜昌南玻显示器件有限公司,宜昌市,新生力,3.5K-6K/月,4750.0,物理学类，应用化学，化学类，化学生物学，分子科学与工程，高分子材料与工程，能源动力类，电气类，自动化类，工业工程类，材料物理，材料类，材料化学，贸易经济,本科及以上,
广州集泰化工股份有限公司,广州市,质检员,3K-4.5K/月,3750.0,材料化学，化工与制药类，化学工程与工艺，化学工程与工业生物工程,本科及以上,
山东国邦药业股份有限公司,潍坊市,环保管理,4K-5K/月,4500.0,环境科学与工程类，环境科学，环境科学与工程，资源环境科学，生物技术,本科及以上,
浙江永太科技股份有限公司,台州市,现场QA,面议,0.0,环境工程，环境科学，环境科学与工程，环境科学与工程类，生物医学工程类，化学工程与工艺，化学工程与工业生物工程，制药工程，化工与制药类，生物制药，生物工程，化学类，应用化学，化学，化学生物学,本科及以上,
浙江传化股份有限公司,杭州市,工艺管理,4K-6K/月,5000.0,化学工程与工艺，化工与制药类，化学工程与工业生物工程，能源化学工程，轻化工程，化学类，化学，应用化学，分子科学与工程,本科及以上,
黄冈华阳药业有限公司,黄冈市,安全环保设备生产管理等储备干部,3K-4K/月,3500.0,化学，化学生物学，生物科学，生物技术，化学类，应用化学，机械工程，化学工程与工艺，机械类，机械设计制造及其自动化，材料化学，化工与制药类，制药工程，食品质量与安全，食品科学与工程类，生物制药，生物工程类，机械工艺技术，自动化，化学工程与工业生物工程，环境科学与工程类，环境工程，食品科学与工程，安全防范工程，安全科学与工程类，环保设备工程，环境科学与工程，环境科学，自动化类,本科及以上,
黄冈华阳药业有限公司,黄冈市,化验员,3K-4K/月,3500.0,化学，化学生物学，化学类，应用化学，生物技术，化工与制药类，制药工程，化学工程与工艺，化学工程与工业生物工程,大专及以上,
黄冈华阳药业有限公司,黄冈市,实验员,3K-4K/月,3500.0,化学，化学生物学，化学类，应用化学，生物技术，化工与制药类，制药工程，化学工程与工业生物工程，化学工程与工艺,大专及以上,
武汉普诺赛生命科技有限公司,武汉市,试剂产品技术员,面议,0.0,化学生物学，生物科学类，生物科学，生物技术，生物信息学，化学工程与工业生物工程，生物医学工程类，生物医学工程，生物工程类，生物工程，生物制药，应用生物科学,本科及以上,
武汉普诺赛生命科技有限公司,武汉市,细胞培养技术员,面议,0.0,化学生物学，生物科学类，生物科学，生物技术，生物信息学，化学工程与工业生物工程，生物医学工程类，生物医学工程，生物工程类，生物工程，生物制药，应用生物科学,本科及以上,
武汉普诺赛生命科技有限公司,武汉市,技术支持,面议,0.0,化学生物学，生物科学类，生物科学，生物技术，生物信息学，化学工程与工业生物工程，生物医学工程类，生物医学工程，生物工程类，生物工程，生物制药，应用生物科学,硕士及以上,
武汉盛世华康生物医药科技有限公司,武汉市,销售工程师,面议,0.0,生物技术，生物工程，生物工程类，生物科学，生物医学工程,本科及以上,
利洁时家化（中国）有限公司,荆州市,供应链训练生,面议,0.0,数学类，数学与应用数学，信息与计算科学，数理基础科学，物理学类，物理学，应用物理学，核物理，声学，化学类，化学，应用化学，化学生物学，分子科学与工程，天文学类，天文学，地理科学类，地理科学，自然地理与资源环境，人文地理与城乡规划，地理信息科学，大气科学类，大气科学，应用气象学，海洋科学类，海洋科学，海洋技术，海洋资源与环境，军事海洋学，地球物理学类，地球物理学，空间科学与技术，地质学类，地质学，地球化学，地球信息科学与技术，古生物学，生物科学类，生物科学，生物技术，生物信息学，生态学，心理学类，心理学，应,本科及以上,
武汉伊莱瑞特生物科技有限公司,武汉市,生物实验技术员,面议,0.0,化学生物学，生物科学类，生物科学，生物技术，化学工程与工业生物工程，生物医学工程，生物工程类，生物工程，生物制药，应用生物科学,本科及以上,
浙江海正药业股份有限公司,台州市 杭州市,微生物生物技术工程师,面议,0.0,生物工程，生物技术,本科及以上,
湖南索奥检测技术有限公司,长沙市,实验室机机组长,3K-6K/月,4500.0,化学，化学生物学，应用化学,本科及以上,
北京中科大洋科技发展股份有限公司,武汉市,C++研发工程师-音视频处理,面议,0.0,数学类，数学与应用数学，信息与计算科学，数理基础科学，物理学类，物理学，应用物理学，核物理，声学，化学类，化学，应用化学，化学生物学，分子科学与工程，天文学类，天文学，地理科学类，地理科学，自然地理与资源环境，人文地理与城乡规划，地理信息科学，大气科学类，大气科学，应用气象学，海洋科学类，海洋科学，海洋技术，海洋资源与环境，军事海洋学，地球物理学类，地球物理学，空间科学与技术，地质学类，地质学，地球化学，地球信息科学与技术，古生物学，生物科学类，生物科学，生物技术，生物信息学，生态学，心理学类，心理学，应,本科及以上,
重庆药友制药有限责任公司,重庆市,工艺工程师,4K-6K/月,5000.0,机械设计制造及其自动化，机械类，高分子材料与工程，制药工程，化工与制药类，化学工程与工业生物工程,本科及以上,
武汉普诺赛生命科技有限公司,武汉市,销售工程师,面议,0.0,化学生物学，生物科学类，生物技术，化学工程与工业生物工程，生物医学工程，生物工程，生物制药，生物工程类，生物医学工程类，生物科学，应用生物科学,不限,
福建华佳彩有限公司,莆田市,制程工程师,4K-5.6K/月,4800.0,物理学，应用物理学，化学，分子科学与工程，应用化学，信息与计算科学，物理学类，化学生物学,本科及以上,
北京中公教育科技股份有限公司武汉分公司,武汉市,教师招考培训讲师,7K-12K/月,9500.0,教育学类，教育学，学前教育，小学教育，体育教育，数学类，化学，物理学，生物科学，中国语言文学类，英语，美术学，音乐学，舞蹈学,本科及以上,
武汉伊莱瑞特生物科技有限公司,武汉市,生化试剂盒研发工程师,面议,0.0,化学生物学，化学工程与工业生物工程,本科及以上,
武汉伊莱瑞特生物科技有限公司,武汉市,生物技术员,面议,0.0,化学生物学，生物科学类，生物科学，生物技术，生物信息学，化学工程与工业生物工程，生物医学工程类，生物医学工程，生物工程类，生物工程，生物制药，应用生物科学,本科及以上,
宜昌三峡制药有限公司,宜昌市,质量检验员（QC）,3K-4K/月,3500.0,生物工程，药学，药物分析，药物制剂,本科及以上,节日礼物 岗位晋升 带薪年假 交通补助 餐补 房补 健康体检
宜昌三峡制药有限公司,宜昌市,质量管理员（QA）,2.5K-3.5K/月,3000.0,药学类，药学，生物工程，生物制药，药物分析，药物制剂,本科及以上,
宜昌三峡制药有限公司,宜昌市,国际注册员,3K-4K/月,3500.0,药学，药学类，生物工程,本科及以上,
宜昌三峡制药有限公司,宜昌市,研发发酵员,3K-4K/月,3500.0,生物工程，化学工程与工业生物工程，生物工程类,本科及以上,节日礼物 岗前培训 岗位晋升 带薪年假 交通补助 餐补 房补 健康体检
宜昌三峡制药有限公司,宜昌市,研发菌种员,3K-4K/月,3500.0,生物工程，化工与制药类，制药工程,本科及以上,岗前培训 节日礼物 岗位晋升 带薪年假 交通补助 餐补 房补 健康体检
武汉中粮肉食品有限公司,武汉市,管理培训生,面议,0.0,农学，动物科学，工商管理，市场营销，生物科学，生物技术，生物科学类,本科及以上,
宜昌东阳光长江药业股份有限公司,宜昌市,技术科技术员,4.2K-6K/月,5100.0,化学类，应用化学，化学，生物科学类，生物科学，生物技术，制药工程，生物工程类，生物工程，生物制药，药学类，药学，药物制剂，药物分析，药物化学,硕士及以上,
宜昌东阳光长江药业股份有限公司,宜昌市,质量科QA/QC,3.1K-4.5K/月,3800.0,药物制剂，药学类，药学，药物分析，化学类，应用化学，化学，化学生物学，生物科学类，生物技术，生物科学，生物制药，制药工程，化工与制药类,本科及以上,
建滔化工集团,苏州市,客服,3K-5K/月,4000.0,电子信息工程，生物医学工程，电子信息工程,本科及以上,
湖北葛店人福药业有限责任公司,武汉市 鄂州市,技术合成实验员,面议,0.0,化学类，应用化学，化学，化学生物学,硕士及以上,
湖北慧测检测技术有限公司,咸宁市,实习生,面议,0.0,化学类，应用化学，化学工程与工艺，化学工程与工业生物工程，化学，化学生物学，材料化学，环境科学与工程，环境科学，资源环境科学，环境生态工程，环境工程，环境科学与工程类,本科及以上,
湖北慧测检测技术有限公司,咸宁市,检测技术员,面议,0.0,环境科学与工程，环境科学，资源环境科学，环境生态工程，环境工程，环境科学与工程类，自然地理与资源环境，化学类，应用化学，化学工程与工艺，化学工程与工业生物工程，药物化学，材料化学，化学生物学，化学,大专及以上,
湖北慧测检测技术有限公司,咸宁市,报告编制员,2.5K-3.5K/月,3000.0,自然地理与资源环境，环境科学与工程类，环境工程，环境生态工程，自然保护与环境生态类，农业资源与环境，资源环境科学，环境科学，环境科学与工程，化学类，应用化学，化学工程与工艺，化学工程与工业生物工程，药物化学，材料化学，化学生物学，化学,大专及以上,
湖北慧测检测技术有限公司,咸宁市,化验员,2.5K-3.5K/月,3000.0,化学类，应用化学，化学工程与工艺，化学工程与工业生物工程，化学，化学生物学，材料化学，能源化学工程，药物化学,大专及以上,
湖北慧测检测技术有限公司,咸宁市 黄石市 襄樊市 十堰市 荆州市 武汉市 宜昌市,检测销售工程师,2.5K-3.5K/月,3000.0,化学，化学生物学，资源与环境经济学，环境科学与工程，环境科学，资源环境科学，环境科学与工程类，环境工程，环境生态工程，自然保护与环境生态类，材料化学，能源化学工程，药物化学，化学工程与工艺，化学工程与工业生物工程，化学类，应用化学，市场营销,大专及以上,
双胞胎（集团）股份有限公司,荆州市 宜昌市 荆门市 鄂州市,品管,2.7K-3K/月,2850.0,食品科学与工程类，食品质量与安全，食品科学与工程，食品营养与检验教育，生物工程，动物医学，动物医学类，动植物检疫，动物科学，动物生产类，食品卫生与营养学,本科及以上,
武汉迈特维尔生物科技有限公司,武汉市,分析化学工程师,面议,0.0,化学生物学，化学，化学类，应用化学，药物化学，化学工程与工业生物工程,硕士及以上,
杭州杏林信息科技有限公司,杭州市,软件实施工程师,,0.0,医学检验技术，机械类，力学类，仪器类，材料类，电气类，电子信息类，自动化类，化工与制药类，环境科学与工程类，生物医学工程类，生物工程类，数学类，物理学类，化学类，地理科学类，生物科学类，心理学类，统计学类,本科及以上,发展空间大 发展方向多 培训完善 学习机会多 五险一金 假期多多 晋升很快
湖北恒安芙林药业股份有限公司,北京市 上海市 天津市 重庆市 石家庄市 沈阳市 长春市 郑州市 南京市 杭州市 合肥市 济南市 长沙市 广州市 成都市 哈尔滨市,销售助理,面议,0.0,生物工程类，生物制药，化学工程与工业生物工程，口腔医学，口腔医学类，中医学类，药学类，药物制剂，药物分析，药事管理，药物化学，中药学类，中药资源与开发,本科及以上,
武汉天龙黄鹤楼酒业有限公司,武汉市,生产技术类,3K-4.2K/月,3600.0,生物科学，生物技术，食品科学与工程类，食品科学与工程，物流管理与工程类，物流工程，物流管理，机械设计制造及其自动化，环境工程，环境科学，环境科学与工程,本科及以上,
湖北葛店人福药用辅料有限责任公司,武汉市 鄂州市,工艺研究员,面议,0.0,化学工程与工业生物工程，化学工程与工艺，药物分析，药物化学,博士及以上,
湖北葛店人福药用辅料有限责任公司,武汉市 鄂州市,市场推广专员,面议,0.0,市场营销，药学类，制药工程，化学工程与工艺，化学工程与工业生物工程，药物分析，药物化学,本科及以上,
湖北葛店人福药用辅料有限责任公司,武汉市 鄂州市,地区经理,面议,0.0,药学类，药物制剂，药物化学，药物分析，市场营销，生物工程类,大专及以上,
南京圣和药业股份有限公司,全国,学术营销专员,5K-5K/月,5000.0,医学、药学、生物、化学相关专业,本科及以上,提供住宿，薪酬优，有市场
上海宝龙药业有限公司,上海,市场/产品专员,3000-5000,4000.0,药学   医学    生物工程     市场营销,本科及以上,提供住宿    工作餐   班车    五险一金   年终奖
广东厚德水准生物科技有限公司,佛山,噬菌体展示研发工程师,5K-7K/月,6000.0,生物类专业,本科及以上,五险一金，餐补，单独宿舍，年终奖+项目奖。
广东厚德水准生物科技有限公司,佛山,实验室技术员,根据专业和工作经历确定。,0.0,生物类专业,本科及以上,五险一金，餐补，单独宿舍，年终奖+项目奖。
广东厚德水准生物科技有限公司,佛山,酵母展示研发工程师,5K-8K/月,6500.0,生物类专业,本科及以上,五险一金，餐补，单独宿舍，年终奖+项目奖。
阳江喜之郎果冻制造有限公司,广东省阳江市阳东区中心位置,品质管理储备人员,5K-5.5K/月,5250.0,食品质量与安全/食品科学与工程/生物工程/生物技术/生物科学/微生物/粮食工程，食品质量与安全，食品科学与工程类，食品科学与工程，生物工程,大专及以上,提供食宿、年终奖、五险一金、弹性工作时间、完善培训体系、探亲路费补贴
阳江喜之郎果冻制造有限公司,广东阳江市阳东区中心位置,生产管理储备人员,5K-5.5K/月,5250.0,食品科学与工程/食品质量与安全/粮食工程/工业工程/机械类/包装工程/生物工程/生物技术/生物科学/高分子材料与工程/材料学，生物科学，生物技术,大专及以上,提供食宿、年终奖、五险一金、带薪年假、探亲路费、完善的培训体系、授权大。
湖南百思检验检测有限公司,湖南省岳阳,特种设备检验检测人员（检测技术员）,2K-6K/月,4000.0,数学类，数学与应用数学，信息与计算科学，物理学，应用物理学，核物理，化学类，应用化学，化学生物学，分子科学与工程，机械类，材料成型及控制工程，测控技术与仪器，材料类，材料科学与工程,本科及以上,绩效奖金 岗前培训 带薪年假 员工旅游
上海科胜药物研发有限公司,上海,生物研究员,4000-5000,4500.0,生物、发酵、酶催化、分子生物学相关专业,本科及以上,生物制药领域
中山市思而优教育科技有限公司,中山市,中学生物教师,4K-8K/月,6000.0,生物技术，，古生物学,本科及以上,包住 五险 带薪培训 带薪年假 绩效奖金 岗前培训 节日礼物 年度旅游 岗位晋升 员工旅游 房补
江苏豪森药业集团有限公司,全国,医药代表,5K-8K/月,6500.0,化学类，生物工程类，药学类，中医学类，中药学类，医学技术类，工商管理类，公共管理类，护理学类，中西医结合类，法医学类，化工与制药类，食品科学与工程类，生物医学工程类，临床医学类，基础医学类,大专及以上,每月七天固定假期，报销差旅费。提供油补或市内交通补贴，转正后报销话费。缴纳七险一金。广阔的发展空间。
岳阳市旭梦教育科技有限责任公司,岳阳市,初高中生物老师,3000-5000,4000.0,生物相关专业,本科及以上,晋升快，薪资待遇好
长沙珍奥企业管理咨询有限公司,长沙、郴州、衡阳、常德等，工作地点自选,见习店长（销售店长）,4000-8000元,6000.0,市场营销，生物工程，医学药学等，专业不限,,超长带薪年假  包住宿  高提成  单身多
浙江康瑞祥生物医药科技集团有限公司,金华市 湖州市 嘉兴市 台州市 温州市 杭州市,健康讲师,3K-5K/月,4000.0,汉语言文学，生物工程，临床医学，医学检验技术，药学,本科及以上,免费提供住宿；出差机票、酒店、餐费全额报销；弹性工作和休息机制；五险；生日、节日等其他福利；带薪培训
宁波江东博达教育培训学校,浙江省宁波市,高中生物老师,保底7万,0.0,生物工程、生物学或理工科相关专业,本科及以上,五险 带薪年假
宁波江东博达教育培训学校,浙江省宁波市,初中科学教师,保底6万,0.0,物理、化学、生物等理工科相关专业,本科及以上,五险  带薪年假
