企业名称,岗位,专业,数量,薪资,学历,工作性质,其他需求,邮箱
山东亚太中慧集团有限公司,养殖技术员,"【本科】动物医学,【本科】动物科学",20,4500-5999,本科,全职,适应工作环境，热爱养殖行业。,zhonghuizhaopin@163.com
山东亚太中慧集团有限公司,饲料研发,"【本科】动物医学,【本科】动物科学",15,4500-5999,硕士,全职,适应工作环境,zhonghuizhaopin@163.com
山东亚太中慧集团有限公司,会计,【本科】会计学,10,3000-4499,本科,全职,熟悉专业知识,zhonghuizhaopin@163.com
山东亚太中慧集团有限公司,生产管理,【本科】农业机械化及其自动化,10,4500-5999,本科,全职,,zhonghuizhaopin@163.com
山东亚太中慧集团有限公司,董事长助理,"【本科】食品科学与工程,【本科】食品质量与安全,【本科】动物医学,【本科】动物科学,【本科】人力资源管理",2,6000-7999,硕士,全职,,zhonghuizhaopin@163.com
山东亚太中慧集团有限公司,计算机,"【本科】信息与计算科学,【本科】计算机科学与技术",2,3000-4499,本科,全职,,zhonghuizhaopin@163.com
山东亚太中慧集团有限公司,食品研发,"【本科】食品科学与工程,【本科】食品质量与安全",2,4500-5999,硕士,全职,,zhonghuizhaopin@163.com
武汉市江岸区学而思教育培训学校,教师,不限专业,100,8000-9999,本科,全职,,duanran@100tal.com
浙江大飞龙动物保健品股份有限公司,技术服务,"【本科】动物医学,【本科】动物科学",15,6000-7999,硕士,全职,,553724856@qq.com
浙江大飞龙动物保健品股份有限公司,产品研发人员,"【本科】动物医学,【本科】动物科学",5,6000-7999,硕士,全职,,553724856@qq.com
浙江大飞龙动物保健品股份有限公司,产品工艺主管,"【本科】动物医学,【本科】动物科学",10,4500-5999,硕士,全职,,553724856@qq.com
浙江大飞龙动物保健品股份有限公司,企划文案品牌运营,"【本科】动物医学,【本科】动物科学",5,4500-5999,硕士,全职,,553724856@qq.com
新希望六和股份有限公司,现场品管 化验员,"【本科】水产养殖学,【本科】动物医学,【本科】动物科学",3,3000-4499,本科,全职,,124416829@qq.com
新希望六和股份有限公司,营销员,"【本科】动物医学,【本科】动物科学,【本科】水产养殖学",5,3000-4499,本科,全职,,124416829@qq.com
新希望六和股份有限公司,技术服务,"【本科】动物医学,【本科】动物科学,【本科】水产养殖学",3,3000-4499,本科,全职,,124416829@qq.com
武汉正大有限公司,饲料销售员,不限专业,30,8000-9999,大专,全职,,whzdyxgs@163.com
武汉正大有限公司,猪场技术员,"【本科】动物医学,【本科】动物科学",10,6000-7999,本科,全职,,whzdyxgs@163.com
武汉正大有限公司,生产技术员,"【本科】机械设计制造及其自动化,【本科】自动化,【本科】机械电子工程,【本科】农业机械化及其自动化,【本科】动物医学,【本科】动物科学",3,4500-5999,本科,全职,,whzdyxgs@163.com
武汉正大有限公司,品保员,"【本科】动物医学,【本科】动物科学,【本科】水产养殖学,【本科】水族科学与技术,【本科】食品科学与工程,【本科】食品质量与安全,【本科】应用化学,【本科】生物工程",3,4500-5999,本科,全职,,whzdyxgs@163.com
武汉正大有限公司,会计,【本科】会计学,2,4500-5999,本科,全职,,whzdyxgs@163.com
武汉正大有限公司,行政专员,不限专业,2,4500-5999,本科,全职,,whzdyxgs@163.com
武汉正大有限公司,储备干部,不限专业,5,6000-7999,本科,全职,,whzdyxgs@163.com
武汉回盛生物科技股份有限公司,制剂研究员,"【本科】动物医学,【本科】动物科学",5,6000-7999,硕士,全职,,hvsenhr@126.com
武汉回盛生物科技股份有限公司,微生物研究员,"【本科】生物工程,【本科】食品科学与工程,【本科】食品质量与安全",5,6000-7999,本科,全职,,hvsenhr@126.com
武汉回盛生物科技股份有限公司,化学合成研究员,【本科】应用化学,3,6000-7999,硕士,全职,,hvsenhr@126.com
武汉华扬动物药业有限责任公司,技术服务专员,"【本科】动物医学,【本科】动物科学",20,4500-5999,本科,全职,湖北省内猪药药品销售及技术服务工作,445712815@qq.com
武汉华扬动物药业有限责任公司,技术服务专员,【本科】水产养殖学,30,4500-5999,本科,全职,湖北省内水产药品销售及技术服务工作,445712815@qq.com
武汉光庭信息技术股份有限公司,嵌入式仪表开发工程师,"【本科】信息与计算科学,【本科】计算机科学与技术,【本科】信息管理与信息系统,【本科】地理信息科学",20,4500-5999,本科,全职,有日语基础、英语优秀者优先,campus@kotei-info.com
武汉光庭信息技术股份有限公司,HMI开发工程师,"【本科】信息与计算科学,【本科】地理信息科学,【本科】信息管理与信息系统,【本科】计算机科学与技术",10,4500-5999,本科,全职,有日语基础、英语优秀者优先,campus@kotei-info.com
武汉光庭信息技术股份有限公司,软件测试工程师,"【本科】信息与计算科学,【本科】地理信息科学,【本科】信息管理与信息系统,【本科】计算机科学与技术",30,4500-5999,本科,全职,有日语基础、英语优秀者优先,campus@kotei-info.com
大连毅都集团有限公司,贸易管培生,"【本科】园林,【本科】园艺",50,4500-5999,本科,全职,工作地：北京、上海、武汉、长沙、广州、沈阳、郑州、香港 （1）品项方向 岗位职责: ◎跟踪本品项的到货信息，提前和负责人沟通，确定货物在当地的销售策略和指导价格 ◎与负责人及时沟通并提供到货量、参考价格等市场信息 ◎及时跟进市场行情等信息并做好质量反馈报告 （2）档口方向 岗位职责: ◎执行品项指导的销售价格，做好销售工作，确保负责品项销售正常并稳定增长 ◎收集并及时反馈市场信息至品项团队 ◎客户关系维护及新客户拓展 （3）加工中心方向 ◎协助负责人建设高效、规范的质量管理以及水果采后操作的管理体系 ◎根据水果分拣、处理、包装计划，组织人员高效高质的对果蔬商品进行采后操作 岗位要求: 1、本科以上学历、不限专业（园林类、食品类、农学类等专业优先）； 2、英语四级基本；能够流利沟通的优先 3、接受工作时间随各地市场与季节不同带来的差异； 4、接受工作地调动（优先遵循个人意愿） 本岗位提供食宿,campus@yidu.com.cn
大连毅都集团有限公司,物流管培生,不限专业,50,4500-5999,本科,全职,工作地点：大连、郑州、广州、上海 岗位职责: ◎熟悉仓储、配送、集装箱管理、水果服务与全套供应链模块业务流程，并提出可行性改进优化建议； ◎熟悉业务流程后，协助部门经理进行部门管理； ◎参与全国其他物流基地筹建，承担各模块筹建负责人角色； 1、本科以上学历，物流相关专业优先； 2、英语四级基本、能够流利沟通的优先； 3、接受工作地调动（优先遵循个人意愿）； 本岗位提供食宿,campus@yidu.com.cn
大连毅都集团有限公司,终端渠道管培生,不限专业,20,4500-5999,本科,全职,工作地点：北京、上海、杭州、郑州、深圳、厦门、广州 （1）商超/电商方向 岗位职责: ◎完成各渠道合同签订、品项上报、商品维护 ◎价格谈判、邮件及订单对接 ◎包材采购、成本控制 ◎处理突发状况、协调沟通本地区业务顺利完成 ◎制定营销计划及店内促销方案  （2）新零售方向 ◎了解传统零售行业，了解新零售本质，了解目前新零售代表企业的运营模式 ◎能吃苦，能够踏实的从行业一线累积知识基础，先了解全国贸易整体情况 ◎对新零售有自己独立的见解  岗位要求: 1、本科以上学历，不限专业； 2、英语四级基本；能够流利沟通的优先 3、具有良好的沟通能力 本岗位提供食宿,campus@yidu.com.cn
大连毅都集团有限公司,国际事务专员,"【本科】英语,【本科】商务英语",10,4500-5999,本科,全职,工作地点：大连 岗位职责: ◎搜集海外供应商信息； ◎沟通海外供应商发货，跟踪海运空运等物流信息； ◎进口过程中的单据处理等 岗位要求: 1、本科以上学历，英语、西班牙语、国贸专业； 2、英语六级或专八以上 3、具有良好的沟通能力,campus@yidu.com.cn
大连毅都集团有限公司,财务管培生,【本科】会计学,15,4500-5999,本科,全职,工作地点：大连、沈阳、郑州、广州、上海 岗位职责: ◎财务凭证整理；现金收付； ◎银行结算；财务账目；税务管理等 岗位要求: 1、本科以上学历，财务管理、会计学专业； 2、英语四级； 3、接受工作地调动（优先遵循个人意愿） 本岗位提供食宿,campus@yidu.com.cn
大连毅都集团有限公司,人事行政管培生,【本科】人力资源管理,2,4500-5999,本科,全职,工作地点：大连 岗位职责: ◎协助完成人力资源各模块流程跟进，如招聘、培训、员工关系等 ◎对接公司各类行政工作，如文件与库存管理、会议记录等 任职要求： 1、本科以上学历，人力资源、行政相关专业 2、英语六级以上，口语沟通流利，擅长商务英语优先 3、具有良好的沟通能力 本岗位提供食宿,campus@yidu.com.cn
大连毅都集团有限公司,IT管培生,"【本科】信息与计算科学,【本科】计算机科学与技术",5,4500-5999,本科,全职,工作地点：前期大连 岗位职责: ◎信息系统开发及运维 ◎外部开发不同接口类型对接 ◎日常软硬件维护等 岗位要求: 1、本科以上学历，计算机相关专业，JAVA优先； 2、英语四级； 3、接受工作地调动（优先遵循个人意愿） 人才梯队搭建中，晋升空间较大 本岗位提供食宿,campus@yidu.com.cn
大连毅都集团有限公司,农业基地管培生,"【本科】农学,【本科】种子科学与工程,【本科】植物科学与技术",4,4500-5999,本科,全职,工作地点：大连、丹东、云南 岗位职责: ◎负责蓝莓、樱桃等进口苗木的组培生产工作 ◎协助进行品种改良、新品种引进等实验工作 ◎负责田间管理工作（整地、水肥管理、病虫害防治等） ◎严格执行基地种植计划，辅助生产主管做好生产规划，保证基地生产的正常运作 岗位要求: 1、统招本科及以上学历，农学、园艺相关专业  2、英语四级，能够流利沟通的优先 3、热爱生产，接受农业基地工作环境 4、踏实肯干，学习能力强。,campus@yidu.com.cn
大连毅都集团有限公司,企划管培生,【本科】广告学,1,4500-5999,本科,全职,工作地点：大连 岗位职责： ◎参与公司品牌规划与建设、文案、设计创意及后期报告 ◎参与市场活动调研与分析及策划 ◎独立撰写各类稿件与创意文案（新闻稿等） 岗位要求： 1.本科以上学历，市场营销、广告、新闻学等相关专业 优秀的沟通协调能力，英语四级以上,campus@yidu.com.cn
东莞市星火教育科技有限公司,管理培训生,不限专业,20,8000-9999,本科,全职,1.不限专业，只要你对某一学科有浓厚兴趣 2.不循规蹈矩，具有勇于挑战自我达成目标的决心； 3.阳光、有趣、正能量，心态积极向上； 4.善于沟通，能从容展现人格魅力； 5.热爱教育事业，爱跟孩子们在一起； 6.做过学生会或者社团的小领导就更好啦；,xinghuo_zs@126.com
广西扬翔股份有限公司,管培生,不限专业,10,8000-9999,本科,全职,,hr@yangxiang.com
广西扬翔股份有限公司,客户经理,不限专业,50,8000-9999,本科,全职,,hr@yangxiang.com
广西扬翔股份有限公司,方案经理,"【本科】信息与计算科学,【本科】机械设计制造及其自动化,【本科】自动化,【本科】机械电子工程,【本科】农业机械化及其自动化,【本科】动物科学,【本科】动物医学,【本科】计算机科学与技术",50,8000-9999,本科,全职,,hr@yangxiang.com
广西扬翔股份有限公司,交付经理,"【本科】信息与计算科学,【本科】机械设计制造及其自动化,【本科】自动化,【本科】机械电子工程,【本科】农业机械化及其自动化,【本科】动物科学,【本科】动物医学,【本科】计算机科学与技术",50,6000-7999,本科,全职,,hr@yangxiang.com
广西扬翔股份有限公司,育种师,【本科】动物科学,10,6000-7999,本科,全职,,hr@yangxiang.com
广西扬翔股份有限公司,营养师,【本科】动物科学,10,6000-7999,本科,全职,,hr@yangxiang.com
广西扬翔股份有限公司,兽医师,【本科】动物医学,10,6000-7999,本科,全职,,hr@yangxiang.com
广西扬翔股份有限公司,环控专员,"【本科】自动化,【本科】机械设计制造及其自动化,【本科】机械电子工程,【本科】农业机械化及其自动化",20,6000-7999,本科,全职,,hr@yangxiang.com
广西扬翔股份有限公司,环保工程师,"【本科】环境科学,【本科】环境工程,【本科】农业资源与环境,【本科】环境生态工程",20,6000-7999,本科,全职,,hr@yangxiang.com
广西扬翔股份有限公司,生产管理师,"【本科】动物医学,【本科】动物科学",60,4500-5999,本科,全职,薪资5000+,hr@yangxiang.com
广西扬翔股份有限公司,生产技术员,"【本科】动物医学,【本科】动物科学",100,4500-5999,本科,全职,薪资4000+,hr@yangxiang.com
广西扬翔股份有限公司,疫病检测师,"【本科】动物医学,【本科】应用化学",10,4500-5999,本科,全职,薪资5000+,hr@yangxiang.com
广西扬翔股份有限公司,供应链经理,【本科】经济学,10,4500-5999,本科,全职,薪资5000+,hr@yangxiang.com
广西扬翔股份有限公司,法务专员,【本科】法学,2,4500-5999,本科,全职,薪资5000+,hr@yangxiang.com
广西扬翔股份有限公司,新媒体运营专员,"【本科】广告学,【本科】视觉传达设计",5,4500-5999,本科,全职,薪资5000+,hr@yangxiang.com
武汉药明康德新药开发有限公司,实验室助理研究员,"【本科】农学,【本科】应用化学",30,4500-5999,本科,全职,,recruitment_wh@wuxiapptec.com
武汉药明康德新药开发有限公司,实验室研究员,"【本科】农学,【本科】应用化学",20,6000-7999,硕士,全职,,recruitment_wh@wuxiapptec.com
上海派森诺生物科技股份有限公司,管培生,不限专业,25,4500-5999,本科,全职,专业不限，生命科学、医学相关领域优先；本科及以上学历；在校期间学习成绩优秀，英语水平较好，担任过主要学生干部优先；具有较强的沟通协调及抗挫折能力；具有进取心、发展潜力、领导力潜质。,hr@personalbio.cn
上海派森诺生物科技股份有限公司,销售工程师,"【本科】生物信息学,【本科】水产养殖学,【本科】水族科学与技术,【本科】动物科学,【本科】食品科学与工程,【本科】生物工程,【本科】国家生命科学与技术人才培养基地（生物技术）,【本科】国家生物学理科基地（生物科学）,【本科】种子科学与工程,【本科】农学,【本科】植物保护,【本科】植物科学与技术",20,4500-5999,本科,全职,硕士以上学历。生物、农学、动物科学、医学、遗传学等相关专业。热爱销售工作，能吃苦耐劳，责任心强。,hr@personalbio.cn
上海派森诺生物科技股份有限公司,实验技术员,"【本科】农学,【本科】植物保护,【本科】植物科学与技术,【本科】种子科学与工程,【本科】国家生物学理科基地（生物科学）,【本科】国家生命科学与技术人才培养基地（生物技术）,【本科】生物工程,【本科】食品科学与工程,【本科】动物科学,【本科】水产养殖学,【本科】生物信息学",20,4500-5999,本科,全职,负责公司科研服务、医学检验实验室各测序平台的运行及各类项目的分子生物学实验操作。,hr@personalbio.cn
上海派森诺生物科技股份有限公司,生物信息分析工程师,【本科】生物信息学,10,4500-5999,本科,全职,对公司各平台基因测序的数据进行分析，负责公司相关项目的生物信息数据的收集、整理及分析挖掘。本科以上，硕士/博士优先，生物信息、生物学等相关专业，熟悉编程语言及分析流程。,hr@personalbio.cn
上海派森诺生物科技股份有限公司,技术支持,"【本科】农学,【本科】植物科学与技术,【本科】种子科学与工程,【本科】国家生物学理科基地（生物科学）,【本科】国家生命科学与技术人才培养基地（生物技术）,【本科】生物工程,【本科】食品科学与工程,【本科】水产养殖学,【本科】生物信息学",15,6000-7999,硕士,全职,负责公司科研服务、医学检验项目的售前、售后的技术支持工作及公司服务项目的市场推广活动，主持公司各类技术讲座等。,hr@personalbio.cn
武汉新华扬生物股份有限公司,技术服务类,"【本科】生物工程,【本科】动物科学,【本科】水产养殖学",2,6000-7999,硕士,全职,,hr@sunhy.cn
武汉新华扬生物股份有限公司,研发类,"【本科】生物工程,【本科】动物科学,【本科】动物医学,【本科】水产养殖学",5,6000-7999,硕士,全职,,hr@sunhy.cn
武汉新华扬生物股份有限公司,销售类,"【本科】植物科学与技术,【本科】生物工程,【本科】动物科学,【本科】水产养殖学,【本科】市场营销",10,6000-7999,本科,全职,,hr@sunhy.cn
唐人神集团股份有限公司,储备兽医师/营养师/育种师、饲料研发助理,"【本科】动物医学,【本科】动物科学",10,8000-9999,硕士,全职,,13984677@qq.com
唐人神集团股份有限公司,猪料/禽料/鱼料技术服务,"【本科】动物医学,【本科】动物科学,【本科】水产养殖学,【本科】水族科学与技术",30,6000-7999,本科,全职,,13984677@qq.com
唐人神集团股份有限公司,饲料/肉品营销,"【本科】食品科学与工程,【本科】食品质量与安全,【本科】动物医学,【本科】水产养殖学,【本科】动物科学,【本科】水族科学与技术",50,6000-7999,本科,全职,,13984677@qq.com
唐人神集团股份有限公司,猪养殖生产/技术管理方向,"【本科】动物医学,【本科】动物科学",30,4500-5999,本科,全职,,13984677@qq.com
唐人神集团股份有限公司,饲料/食品生产管理储备、机修储备,"【本科】机械设计制造及其自动化,【本科】机械电子工程,【本科】农业机械化及其自动化,【本科】自动化",10,4500-5999,本科,全职,,13984677@qq.com
唐人神集团股份有限公司,饲料原料采购员、采购项目助理,"【本科】国际经济与贸易,【本科】工商管理,【本科】市场营销,【本科】经济学",10,4500-5999,本科,全职,,13984677@qq.com
唐人神集团股份有限公司,饲料/食品质量员、饲料/食品化验员,"【本科】食品科学与工程,【本科】食品质量与安全,【本科】动物医学,【本科】动物科学",10,4500-5999,本科,全职,,13984677@qq.com
唐人神集团股份有限公司,财务经理助理,【本科】会计学,10,4500-5999,本科,全职,,13984677@qq.com
安琪酵母股份有限公司,销售类,"【本科】食品科学与工程,【本科】食品质量与安全,【本科】市场营销,【本科】国际经济与贸易",80,4500-5999,本科,全职,,hr@angelyeast.com
安琪酵母股份有限公司,生产类,"【本科】生物工程,【本科】食品质量与安全,【本科】食品科学与工程,【本科】机械设计制造及其自动化,【本科】自动化",50,4500-5999,本科,全职,,hr@angelyeast.com
安琪酵母股份有限公司,管理类,"【本科】工商管理,【本科】会计学,【本科】广告学,【本科】法学,【本科】行政管理",20,6000-7999,本科,全职,,hr@angelyeast.com
湖北永业行评估咨询有限公司,土地整治/规划/代理咨询经理,"【本科】农业资源与环境,【本科】土地资源管理,【本科】地理信息科学,【本科】风景园林",80,4500-5999,本科,全职,本科及以上学历，年薪6-10W起；工作地点：武汉总部、省内分部、省外分部,zhaopin@realhom.com
湖北永业行评估咨询有限公司,土地/房地产评估技术经理,"【本科】土地资源管理,【本科】工程管理",50,4500-5999,本科,全职,本科及以上学历，年薪6-10W起；工作地点：武汉总部、省内分部、省外分部,zhaopin@realhom.com
湖北永业行评估咨询有限公司,地产咨询/征收策划咨询技术经理,"【本科】土地资源管理,【本科】工程管理",25,4500-5999,本科,全职,本科及以上学历，年薪6-10W起；工作地点：武汉总部、省内分部、省外分部,zhaopin@realhom.com
湖北永业行评估咨询有限公司,房地产征收评估/动迁代办技术经理,"【本科】土地资源管理,【本科】工程管理",15,4500-5999,不限,全职,本科及以上学历，年薪6-10W起；工作地点：武汉总部、省内分部、省外分部,zhaopin@realhom.com
湖北永业行评估咨询有限公司,地理信息技术经理,"【本科】土地资源管理,【本科】地理信息科学",20,4500-5999,本科,全职,本科及以上学历，年薪6-10W起；工作地点：武汉总部、省内分部、省外分部,zhaopin@realhom.com
湖北永业行评估咨询有限公司,环境影响评价技术经理,"【本科】农业资源与环境,【本科】环境生态工程,【本科】环境工程,【本科】环境科学",30,4500-5999,本科,全职,本科及以上学历，年薪6-10W起；工作地点：武汉总部、省内分部、省外分部,zhaopin@realhom.com
湖北永业行评估咨询有限公司,资产评估技术经理,"【本科】工程管理,【本科】经济学,【本科】会计学",15,4500-5999,本科,全职,本科及以上学历，年薪6-10W起；工作地点：武汉总部、省内分部、省外分部,zhaopin@realhom.com
湖北永业行评估咨询有限公司,市场经理,不限专业,40,4500-5999,本科,全职,本科及以上学历，年薪6-10W起；工作地点：武汉总部、省内分部、省外分部,zhaopin@realhom.com
内蒙古伊利实业集团股份有限公司武汉分公司,销售培训生,不限专业,10,4500-5999,本科,全职,英语四级以上,niexinqian@yili.com
内蒙古伊利实业集团股份有限公司武汉分公司,行销渠道ka培训生,不限专业,5,4500-5999,本科,全职,英语四级以上,niexinqian@yili.com
内蒙古伊利实业集团股份有限公司武汉分公司,人力资源培训生,"【本科】人力资源管理,【本科】工商管理,【本科】行政管理",3,4500-5999,本科,全职,英语四级以上,niexinqian@yili.com
武汉市洪山区新航道培训学校,课程咨询顾问,不限专业,20,6000-7999,本科,全职,,wuhanzp@xhd.cn
武汉市洪山区新航道培训学校,国外考试部助理教师,"【本科】英语,【本科】商务英语",20,4500-5999,本科,全职,,wuhanzp@xhd.cn
武汉市洪山区新航道培训学校,雅思/托福教师,"【本科】英语,【本科】商务英语",20,8000-9999,硕士,全职,,wuhanzp@xhd.cn
武汉市洪山区新航道培训学校,学习管理顾问,不限专业,10,4500-5999,本科,全职,,wuhanzp@xhd.cn
武汉市洪山区新航道培训学校,留学预备课程教师,"【本科】英语,【本科】商务英语",20,8000-9999,硕士,全职,,wuhanzp@xhd.cn
武汉市洪山区新航道培训学校,留学咨询顾问,不限专业,10,8000-9999,本科,全职,,wuhanzp@xhd.cn
武汉市洪山区新航道培训学校,市场渠道经理,不限专业,10,4500-5999,本科,全职,,wuhanzp@xhd.cn
武汉市洪山区新航道培训学校,人力专员,"【本科】人力资源管理,【本科】工商管理",5,3000-4499,本科,全职,,wuhanzp@xhd.cn
武汉市洪山区新航道培训学校,校区出纳,"【本科】会计学,【本科】经济学",5,3000-4499,本科,全职,,wuhanzp@xhd.cn
武汉市洪山区新航道培训学校,服务督导,"【本科】英语,【本科】商务英语",5,3000-4499,本科,全职,,wuhanzp@xhd.cn
湖北周黑鸭食品工业园有限公司,质量管理,"【本科】生物工程,【本科】食品质量与安全,【本科】食品科学与工程",20,3000-4499,本科,全职,,hr@zhouheiya.cn
湖北周黑鸭食品工业园有限公司,研发管理,"【本科】生物工程,【本科】食品质量与安全,【本科】食品科学与工程",3,3000-4499,本科,全职,,hr@zhouheiya.cn
湖北周黑鸭食品工业园有限公司,策划管理,"【本科】广告学,【本科】市场营销",2,3000-4499,本科,全职,,hr@zhouheiya.cn
湖北周黑鸭食品工业园有限公司,人力资源管理,"【本科】人力资源管理,【本科】工商管理,【本科】行政管理",6,3000-4499,本科,全职,,hr@zhouheiya.cn
湖北周黑鸭食品工业园有限公司,行政管理,【本科】行政管理,2,3000-4499,本科,全职,,hr@zhouheiya.cn
湖北周黑鸭食品工业园有限公司,公共事务管理,"【本科】工商管理,【本科】法学",3,3000-4499,本科,全职,,hr@zhouheiya.cn
湖北周黑鸭食品工业园有限公司,数据分析,"【本科】社会学,【本科】市场营销",6,3000-4499,本科,全职,,hr@zhouheiya.cn
湖北周黑鸭食品工业园有限公司,储备店长,【本科】市场营销,20,3000-4499,本科,全职,,hr@zhouheiya.cn
劲牌有限公司,综合管理类,不限专业,10,4500-5999,本科,全职,,jingpaizhaopin@126.com
劲牌有限公司,工艺质检类,"【本科】生物工程,【本科】国家生命科学与技术人才培养基地（生物技术）,【本科】国家生物学理科基地（生物科学）,【本科】食品科学与工程,【本科】食品质量与安全",15,4500-5999,本科,全职,,jingpaizhaopin@126.com
劲牌有限公司,财务审计类,【本科】会计学,10,4500-5999,本科,全职,,jingpaizhaopin@126.com
劲牌有限公司,营销培训生,"【本科】市场营销,【本科】工商管理,【本科】经济学,【本科】视觉传达设计,【本科】广告学",30,8000-9999,本科,全职,,jingpaizhaopin@126.com
劲牌有限公司,生产培训生,"【本科】环境工程,【本科】环境生态工程",15,4500-5999,本科,全职,,jingpaizhaopin@126.com
劲牌有限公司,研发培训生,"【本科】国家生物学理科基地（生物科学）,【本科】国家生命科学与技术人才培养基地（生物技术）,【本科】生物工程,【本科】食品科学与工程,【本科】食品质量与安全",20,6000-7999,硕士,全职,,jingpaizhaopin@126.com
联化科技股份有限公司,有机合成研究员,【本科】应用化学,40,6000-7999,本科,全职,化学等相关专业,job@lianhetech.com
联化科技股份有限公司,有机分析研究员,【本科】应用化学,12,6000-7999,本科,全职,化学等相关专业,job@lianhetech.com
联化科技股份有限公司,采购专员,"【本科】应用化学,【本科】机械设计制造及其自动化",5,6000-7999,本科,全职,化学和机械相关专业,job@lianhetech.com
联化科技股份有限公司,工艺设计师,【本科】应用化学,10,6000-7999,本科,全职,化学工程相关专业,job@lianhetech.com
联化科技股份有限公司,生产技术员,【本科】应用化学,25,6000-7999,本科,全职,化学等相关专业,job@lianhetech.com
联化科技股份有限公司,仪表工程师,"【本科】机械设计制造及其自动化,【本科】自动化",5,6000-7999,本科,全职,仪表及其自动化专业,job@lianhetech.com
联化科技股份有限公司,电气工程师,"【本科】机械设计制造及其自动化,【本科】自动化",5,6000-7999,本科,全职,电气及其自动化专业,job@lianhetech.com
联化科技股份有限公司,设备工程师,"【本科】机械设计制造及其自动化,【本科】能源与动力工程",5,6000-7999,本科,全职,机械设备、动力工程相关专业,job@lianhetech.com
联化科技股份有限公司,QA专员,【本科】应用化学,9,6000-7999,本科,全职,制药、药学、化学相关专业,job@lianhetech.com
联化科技股份有限公司,分析员,【本科】应用化学,18,6000-7999,本科,全职,分析化学、有机化学、应用化学,job@lianhetech.com
联化科技股份有限公司,工艺安全工程师,【本科】应用化学,2,6000-7999,本科,全职,化工相关专业,job@lianhetech.com
联化科技股份有限公司,环保专员,【本科】环境工程,5,6000-7999,本科,全职,环境工程相关专业,job@lianhetech.com
联化科技股份有限公司,IT专员,【本科】计算机科学与技术,3,6000-7999,本科,全职,计算机相关专业,job@lianhetech.com
联化科技股份有限公司,财务助理,"【本科】会计学,【本科】经济学",4,6000-7999,本科,全职,会计、财务类专业,job@lianhetech.com
武汉科前生物股份有限公司,疫苗研发,【本科】动物医学,15,6000-7999,硕士,全职,1.掌握酵母构建相关理论和技术，熟练掌握分子克隆实验技能，能独立开展相关实验；熟练利用亲和层析、离子交换层析和凝胶过滤层析等纯化技术；完成日常CHO等真核细胞复苏、传代及冻存工作，以及参与细胞库的建立；2.负责酵母表达平台的实验设计及实施；3.负责杆状病毒表达平台的实验设计及实施；具有良好的英语听、说、读、写能力，能阅读专业文献及资料；4.热爱科研工作，踏实勤奋，学习能力强，有责任感和团队协作精神；实验操作能力强，认真负责、诚实守信、积极主动、踏实肯干；5.良好的沟通能力和团队合作精神。,kqhr@kqbio.com
武汉科前生物股份有限公司,工艺研发,【本科】动物医学,5,6000-7999,硕士,全职,1.	熟悉细胞培养，了解细菌和病毒冻干工艺摸索方案；2.了解抗原纯化、乳化、悬浮培养等生产工艺，能够自主设计试验，开展工艺项目摸索。  ,kqhr@kqbio.com
武汉科前生物股份有限公司,质量检验与监督,"【本科】动物医学,【本科】动物科学",5,4500-5999,本科,全职,1.责任心强，工作踏实，热爱实验室技术工作；2.有生物制品或制药相关生产现场工作经验或质量监督经验优先。,kqhr@kqbio.com
武汉科前生物股份有限公司,动物疫病诊断中心（血清学研究方向、细菌学研究方向、病毒学研究方向）,【本科】动物医学,6,4500-5999,本科,全职,1.标准血清制备及血清库的建立；  2.临床细菌的分离鉴定及细菌库的建立；  3.临床病毒分离及病毒库的建立; 4.熟悉实验室 ELISA、PCR、荧光定量相关检测技术；工作积极主动、严谨负责、热爱兽医专业；具有细胞培养及病毒分离相关经验者优先,kqhr@kqbio.com
武汉科前生物股份有限公司,技术服务,"【本科】动物医学,【本科】动物科学",10,6000-7999,硕士,全职,1、具有一定的讲课能力，沟通能力，现场解决临床问题能力，写作能力；2、能适应出差；3、服从工作安排；4、畜牧相关专业；5、执行力强。,kqhr@kqbio.com
牧原食品股份有限公司,养殖技术类,"【本科】动物医学,【本科】动物科学,【本科】水产养殖学",981,6000-7999,本科,全职,,hr@muyuanfoods.com
牧原食品股份有限公司,饲料生产类,"【本科】机械设计制造及其自动化,【本科】食品科学与工程,【本科】食品质量与安全,【本科】自动化,【本科】动物科学",90,4500-5999,本科,全职,,hr@muyuanfoods.com
牧原食品股份有限公司,工程类,"【本科】机械设计制造及其自动化,【本科】自动化,【本科】农业机械化及其自动化,【本科】工程管理",124,4500-5999,本科,全职,,hr@muyuanfoods.com
牧原食品股份有限公司,财经类,"【本科】经济学,【本科】工商管理,【本科】会计学,【本科】国际经济与贸易",66,4500-5999,本科,全职,,hr@muyuanfoods.com
牧原食品股份有限公司,人力资源类,"【本科】人力资源管理,【本科】工商管理",136,4500-5999,本科,全职,,hr@muyuanfoods.com
湖北钟祥牧原养殖有限公司,养殖技术类,"【本科】动物医学,【本科】动物科学,【本科】生物工程",981,6000-7999,本科,全职,,hr@muyuanfoods.com
湖北钟祥牧原养殖有限公司,饲料生产类,"【本科】机械设计制造及其自动化,【本科】自动化,【本科】农业机械化及其自动化,【本科】动物科学,【本科】国际经济与贸易,【本科】食品质量与安全,【本科】食品科学与工程",90,4500-5999,本科,全职,,hr@muyuanfoods.com
湖北钟祥牧原养殖有限公司,工程类,"【本科】机械设计制造及其自动化,【本科】自动化,【本科】农业机械化及其自动化,【本科】工程管理",124,4500-5999,本科,全职,,hr@muyuanfoods.com
湖北钟祥牧原养殖有限公司,财经类,"【本科】工程管理,【本科】工程管理,【本科】经济学,【本科】会计学,【本科】国际经济与贸易",66,4500-5999,本科,全职,,hr@muyuanfoods.com
湖北钟祥牧原养殖有限公司,人力资源类,"【本科】人力资源管理,【本科】工商管理,【本科】社会工作,【本科】行政管理",136,4500-5999,本科,全职,,hr@muyuanfoods.com
老河口牧原农牧有限公司,养殖技术类,"【本科】动物医学,【本科】动物科学,【本科】生物工程",981,6000-7999,不限,全职,,hr@muyuanfoods.com
老河口牧原农牧有限公司,饲料生产类,"【本科】机械设计制造及其自动化,【本科】自动化,【本科】农业机械化及其自动化,【本科】动物科学,【本科】食品科学与工程,【本科】食品质量与安全",90,4500-5999,不限,全职,,hr@muyuanfoods.com
老河口牧原农牧有限公司,工程类,"【本科】机械设计制造及其自动化,【本科】自动化,【本科】农业机械化及其自动化,【本科】工程管理",124,4500-5999,不限,全职,,hr@muyuanfoods.com
老河口牧原农牧有限公司,财经类,"【本科】经济学,【本科】会计学,【本科】国际经济与贸易,【本科】工程管理",66,4500-5999,不限,全职,,hr@muyuanfoods.com
老河口牧原农牧有限公司,人力资源类,"【本科】人力资源管理,【本科】工商管理,【本科】行政管理,【本科】社会工作",136,4500-5999,不限,全职,,hr@muyuanfoods.com
湖北博大生物股份有限公司,技术工程师,【本科】动物医学,2,6000-7999,硕士,全职,,hbpoder001@163.com
湖北博大生物股份有限公司,研发专员,"【本科】生物工程,【本科】国家生物学理科基地（生物科学）,【本科】生物信息学",1,4500-5999,硕士,全职,,hbpoder001@163.com
湖北博大生物股份有限公司,中草药种植工程师,"【本科】农学,【本科】植物保护,【本科】植物科学与技术",1,6000-7999,硕士,全职,,hbpoder001@163.com
湖北博大生物股份有限公司,区域销售经理,"【本科】动物医学,【本科】动物科学,【本科】市场营销",20,8000-9999,大专,全职,,hbpoder001@163.com
湖北博大生物股份有限公司,化验员,"【本科】生物工程,【本科】应用化学,【本科】食品科学与工程",1,3000-4499,大专,全职,,hbpoder001@163.com
湖北博大生物股份有限公司,操作工,"【本科】动物医学,【本科】动物科学,【本科】生物工程",5,3000-4499,不限,全职,,hbpoder001@163.com
佛山市顺德区博大生物科技有限公司,直招高薪饲料添加剂销售大客户经理,"【本科】市场营销,【本科】动物科学,【本科】工商管理",2,15000-19999,大专,全职,工作地点：全国区域不限  1、负责制定、组织实施和完成全国区域大客户（大、中型饲料厂和大型养猪场）年度工作目标，推广企业产品  2、负责全国区域大客户（大、中型饲料厂和大型养猪场）的开发与关系维护工作，与目标大客户建立良好的业务关系，挖掘大客户的需求，高效灵活的完成销售任务  3、参与市场调查、竞争对手研究、营销策划等，并定期或不定期地为营销决策提供相关市场信息和开拓市场的建设性意见，及时反馈有关市场开发和营销进展的情况  4、做好全国区域大客户的咨询和相关服务，并及时处理大客户投诉等事宜  5、负责建立大客户信息档案和管理工作，并进行科学的客户关系管理，及时有效地为大客户提供高品质服务以保证客户满意度,sdpoder@163.com
佛山市顺德区博大生物科技有限公司,饲料添加剂销售业务经理,"【本科】市场营销,【本科】动物科学",10,10000-14999,大专,全职,大专以上学历，专业不限，有饲料及添加剂相关行业销售经验，具备相关资源渠道者优先。,sdpoder@163.com
佛山市顺德区博大生物科技有限公司,技术工程师,"【本科】动物科学,【本科】动物医学,【本科】生物工程",3,6000-7999,大专,全职,硕士以上学历，动物营养、微生物发酵、动物科学等相关专业。,sdpoder@163.com
佛山市顺德区博大生物科技有限公司,饲料厂生产厂长,"【本科】工商管理,【本科】动物科学,【本科】机械设计制造及其自动化",2,8000-9999,大专,全职,大专以上学历，动物营养、动物科学等相关专业。具备3年以上饲料厂生产管理经验，熟悉饲料厂生产流程及工艺，懂得机械设备工作原理及相关维修要领。,sdpoder@163.com
佛山市顺德区博大生物科技有限公司,市场助理、市场策划,"【本科】市场营销,【本科】工商管理,【本科】人力资源管理,【本科】广告学,【本科】视觉传达设计",2,3000-4499,大专,全职,大专以上学历，市场营销、策划、广告设计等经管类专业优先，有较强的沟通能力和组织能力。,sdpoder@163.com
佛山市顺德区博大生物科技有限公司,行政人事专员,"【本科】人力资源管理,【本科】工商管理",2,3000-4499,大专,全职,大专以上学历，工商管理、人力资源、汉语言文学等相关专业优先，形象好，电脑操作熟练，组织能力强。,sdpoder@163.com
佛山市顺德区博大生物科技有限公司,化 验 员,"【本科】生物工程,【本科】应用化学",2,3000-4499,大专,全职,大专以上学历，分析化学、化工材料、制药工程等相关专业，懂操作原子吸收仪、色谱、定氮仪，分光光度仪等仪器优先。,sdpoder@163.com
宜昌东阳光长江药业股份有限公司,技术员,"【本科】国家生物学理科基地（生物科学）,【本科】国家生命科学与技术人才培养基地（生物技术）,【本科】生物工程",10,3000-4499,本科,全职,,zhengjungang@hecpharm.com
宜昌东阳光长江药业股份有限公司,技术员,"【本科】国家生物学理科基地（生物科学）,【本科】国家生命科学与技术人才培养基地（生物技术）,【本科】生物工程",3,4500-5999,硕士,全职,,zhengjungang@hecpharm.com
宜昌东阳光长江药业股份有限公司,设备管理员,【本科】自动化,2,3000-4499,本科,全职,,zhengjungang@hecpharm.com
宜昌东阳光长江药业股份有限公司,QA/QC,"【本科】应用化学,【本科】生物工程,【本科】国家生命科学与技术人才培养基地（生物技术）,【本科】国家生物学理科基地（生物科学）",8,3000-4499,本科,全职,,zhengjungang@hecpharm.com
武汉中博生物股份有限公司,研发工程师,"【本科】动物科学,【本科】动物医学,【本科】生物工程",10,6000-7999,硕士,全职,,1508084701@qq.com
武汉中博生物股份有限公司,项目负责人,"【本科】动物医学,【本科】动物科学",3,15000-19999,博士,全职,,1508084701@qq.com
湖北华大瑞尔科技有限公司,技术员,"【本科】生物工程,【本科】动物医学,【本科】动物科学",5,4500-5999,本科,全职,生物技术、化学检测类、畜牧兽医类相关专业本科及以上学历,362895064@qq.com
湖北华大瑞尔科技有限公司,技术服务专员,"【本科】动物医学,【本科】动物科学",5,6000-7999,硕士,全职,可接受长期出差，从事饲料添加剂类产品研发或技术服务相关工作,362895064@qq.com
湖北华大瑞尔科技有限公司,发酵生产主管,"【本科】生物工程,【本科】动物医学,【本科】动物科学",1,6000-7999,硕士,全职,发酵工程类相关硕士学历,362895064@qq.com
湖北华大瑞尔科技有限公司,水产技术服务经理,"【本科】水产养殖学,【本科】水族科学与技术",1,6000-7999,本科,全职,有团队合作精神，能适应长期出差,362895064@qq.com
山东天普阳光生物科技有限公司,配方师,"【本科】动物科学,【本科】食品科学与工程,【本科】动物医学",3,10000-14999,博士,全职,有经验者优先录用,tpyghr@163.com
山东天普阳光生物科技有限公司,管培生,"【本科】人力资源管理,【本科】市场营销,【本科】经济学,【本科】国际经济与贸易,【本科】法学,【本科】广告学,【本科】社会学,【本科】工程管理,【本科】信息管理与信息系统,【本科】行政管理,【本科】生物信息学",3,6000-7999,硕士,全职,往届应届均可,tpyghr@163.com
山东天普阳光生物科技有限公司,品管管培生,"【本科】应用化学,【本科】农业资源与环境,【本科】食品质量与安全,【本科】食品科学与工程,【本科】动物科学,【本科】动物医学",5,6000-7999,硕士,全职,往届应届均可,tpyghr@163.com
山东天普阳光生物科技有限公司,财务类,"【本科】经济学,【本科】国际经济与贸易,【本科】会计学,【本科】工商管理",10,3000-4499,本科,全职,往届应届均可,tpyghr@163.com
山东天普阳光生物科技有限公司,养殖技术类,"【本科】动物医学,【本科】动物科学",10,3000-4499,本科,全职,往届应届均可,tpyghr@163.com
山东天普阳光生物科技有限公司,业务销售类,不限专业,5,3000-4499,本科,全职,往届应届均可,tpyghr@163.com
山东天普阳光生物科技有限公司,储备生产类,"【本科】机械设计制造及其自动化,【本科】自动化,【本科】机械电子工程,【本科】农业机械化及其自动化,【本科】能源与动力工程",20,4500-5999,本科,全职,往届应届均可,tpyghr@163.com
山东天普阳光生物科技有限公司,采购员,"【本科】生物信息学,【本科】食品质量与安全,【本科】食品科学与工程",5,3000-4499,本科,全职,往届应届均可,tpyghr@163.com
北京市华都峪口禽业有限责任公司,技术服务经理,"【本科】动物医学,【本科】动物科学",15,4500-5999,本科,全职,,xnzn@hdyk.com.cn
北京市华都峪口禽业有限责任公司,营销经理,"【本科】动物医学,【本科】动物科学",15,4500-5999,本科,全职,,xnzn@hdyk.com.cn
北京市华都峪口禽业有限责任公司,超市经理,"【本科】动物医学,【本科】动物科学",15,4500-5999,本科,全职,,xnzn@hdyk.com.cn
无锡新东方进修学校,少儿教师（语文、数学、英语）,不限专业,30,6000-7999,本科,全职,本科学历及以上、专业不限、教师资格证优先,wuxihr@xdf.cn
无锡新东方进修学校,中学教师（语文、数学、英语、物理、化学）,不限专业,30,6000-7999,本科,全职,本科学历及以上、专业不限、教师资格证优先,wuxihr@xdf.cn
无锡新东方进修学校,国外考试教师,不限专业,20,8000-9999,本科,全职,本科学历及以上、专业不限、教师资格证优先,wuxihr@xdf.cn
无锡新东方进修学校,国内考试教师,"【本科】英语,【本科】商务英语",5,8000-9999,本科,全职,本科学历及以上、专业不限、教师资格证优先,wuxihr@xdf.cn
无锡新东方进修学校,学业规划师,不限专业,5,6000-7999,本科,全职,本科学历及以上、专业不限、市场营销相关专业优先,wuxihr@xdf.cn
无锡新东方进修学校,学习管理师,不限专业,10,4500-5999,本科,全职,本科学历及以上、专业不限、市场营销相关专业优先,wuxihr@xdf.cn
无锡新东方进修学校,市场专员,不限专业,5,6000-7999,本科,全职,本科学历及以上、专业不限、市场营销相关专业优先,wuxihr@xdf.cn
河北利华药业有限公司,市场销售精英,"【本科】动物医学,【本科】动物科学,【本科】国家生物学理科基地（生物科学）,【本科】国家生命科学与技术人才培养基地（生物技术）,【本科】生物工程",10,4500-5999,本科,全职,,fangqr@hb-lhyy.com
河北利华药业有限公司,药品研发,"【本科】国家生物学理科基地（生物科学）,【本科】国家生命科学与技术人才培养基地（生物技术）,【本科】生物工程,【本科】动物医学,【本科】动物科学",5,4500-5999,本科,全职,,fangqr@hb-lhyy.com
河北利华药业有限公司,外贸注册员,"【本科】英语,【本科】商务英语",3,4500-5999,本科,全职,,fangqr@hb-lhyy.com
广东温氏食品集团股份有限公司,技术服务,"【本科】动物医学,【本科】动物科学",400,4500-5999,本科,全职,,wenszhaopin@163.com
广东温氏食品集团股份有限公司,研发岗位,"【本科】动物医学,【本科】动物科学",15,4500-5999,本科,全职,,wenszhaopin@163.com
广东温氏食品集团股份有限公司,建筑/机械/环保,"【本科】环境工程,【本科】环境生态工程,【本科】机械设计制造及其自动化,【本科】农业机械化及其自动化,【本科】机械电子工程,【本科】自动化",30,4500-5999,本科,全职,,wenszhaopin@163.com
广东温氏食品集团股份有限公司,计算机,【本科】计算机科学与技术,15,4500-5999,本科,全职,,wenszhaopin@163.com
江苏立华牧业股份有限公司,养猪技术员,"【本科】动物医学,【本科】动物科学,【本科】水产养殖学,【本科】水族科学与技术,【本科】生物工程,【本科】国家生命科学与技术人才培养基地（生物技术）,【本科】环境科学,【本科】农业资源与环境,【本科】环境工程",50,6000-7999,本科,全职,,lihua-hr@lihuamuye.com
江苏立华牧业股份有限公司,养禽技术员,"【本科】环境科学,【本科】农业资源与环境,【本科】食品科学与工程,【本科】食品质量与安全,【本科】动物医学,【本科】动物科学,【本科】水产养殖学,【本科】水族科学与技术",50,4500-5999,本科,全职,,lihua-hr@lihuamuye.com
软通动力技术服务有限公司,软件开发工程师,"【本科】应用化学,【本科】信息与计算科学,【本科】机械设计制造及其自动化,【本科】自动化,【本科】机械电子工程,【本科】能源与动力工程,【本科】信息管理与信息系统,【本科】生物信息学,【本科】计算机科学与技术",30,6000-7999,本科,全职,,ttfug@isoftstone.com
软通动力技术服务有限公司,软件测试工程师,"【本科】信息与计算科学,【本科】机械设计制造及其自动化,【本科】自动化,【本科】机械电子工程,【本科】能源与动力工程,【本科】信息管理与信息系统,【本科】计算机科学与技术,【本科】生物信息学",30,6000-7999,本科,全职,,ttfug@isoftstone.com
湖北金拓维信息技术有限公司,GIS开发工程师,"【本科】地理信息科学,【本科】环境科学,【本科】计算机科学与技术",10,6000-7999,本科,全职,,lini@kingtopware.com
湖北金拓维信息技术有限公司,JAVA开发工程师,"【本科】地理信息科学,【本科】环境科学,【本科】计算机科学与技术",10,6000-7999,本科,全职,,lini@kingtopware.com
湖北金拓维信息技术有限公司,前端开发工程师,"【本科】地理信息科学,【本科】计算机科学与技术",10,6000-7999,本科,全职,,lini@kingtopware.com
湖北金拓维信息技术有限公司,GIS数据处理/实施工程师,【本科】地理信息科学,15,4500-5999,本科,全职,,lini@kingtopware.com
湖北金拓维信息技术有限公司,软件测试工程师,"【本科】地理信息科学,【本科】计算机科学与技术",3,4500-5999,本科,全职,,lini@kingtopware.com
凯莱英生命科学技术（天津）有限公司,助理研究员,【本科】应用化学,30,4500-5999,本科,全职,,hr@asymchem.com.cn
凯莱英生命科学技术（天津）有限公司,生产助理工程师,【本科】应用化学,20,4500-5999,本科,全职,,hr@asymchem.com.cn
凯莱英生命科学技术（天津）有限公司,助理分析员,【本科】应用化学,30,4500-5999,本科,全职,,hr@asymchem.com.cn
宜昌东阳光药业股份有限公司,技术员、工艺员,"【本科】国家生物学理科基地（生物科学）,【本科】国家生命科学与技术人才培养基地（生物技术）,【本科】生物工程,【本科】应用化学,【本科】机械设计制造及其自动化,【本科】自动化",60,4500-5999,本科,全职,,hecyxm@163.com
宜昌东阳光药业股份有限公司,研究员,"【本科】国家生物学理科基地（生物科学）,【本科】国家生命科学与技术人才培养基地（生物技术）,【本科】生物工程,【本科】应用化学",15,6000-7999,硕士,全职,,hecyxm@163.com
上海锐芙贸易有限公司,管培生,不限专业,10,3000-4499,本科,全职,,riverkinghr@yqfruit.cn
上海锐芙贸易有限公司,进出口专员,"【本科】国际经济与贸易,【本科】市场营销,【本科】英语,【本科】商务英语",2,3000-4499,本科,全职,,riverkinghr@yqfruit.cn
上海锐芙贸易有限公司,财务助理,"【本科】经济学,【本科】会计学,【本科】工商管理",5,3000-4499,本科,全职,,riverkinghr@yqfruit.cn
广东亿迅科技有限公司,JAVA开发工程师（广州/武汉）,"【本科】计算机科学与技术,【本科】信息与计算科学",50,6000-7999,本科,全职,,v-pengdx.gd@chinatelecom.cn
广东亿迅科技有限公司,测试工程师（武汉）,"【本科】计算机科学与技术,【本科】信息管理与信息系统,【本科】信息与计算科学",5,6000-7999,本科,全职,,v-pengdx.gd@chinatelecom.cn
广东亿迅科技有限公司,C/C++开发工程师 (广州),"【本科】信息管理与信息系统,【本科】计算机科学与技术,【本科】信息与计算科学",5,8000-9999,本科,全职,,v-pengdx.gd@chinatelecom.cn
北京高因科技有限公司,商务拓展,"【本科】农学,【本科】植物保护,【本科】园林,【本科】林学,【本科】设施农业科学与工程,【本科】风景园林",10,8000-9999,本科,全职,,xiaozhao@julive.com
北京高因科技有限公司,园林设计师,"【本科】农业资源与环境,【本科】环境工程,【本科】环境生态工程,【本科】园林,【本科】林学,【本科】设施农业科学与工程,【本科】风景园林",5,8000-9999,本科,全职,,xiaozhao@julive.com
北京高因科技有限公司,人力资源专员,"【本科】经济学,【本科】工商管理,【本科】人力资源管理,【本科】市场营销,【本科】农林经济管理,【本科】社会学,【本科】社会工作,【本科】广告学,【本科】法学,【本科】行政管理,【本科】工程管理",2,6000-7999,本科,全职,,xiaozhao@julive.com
北京高因科技有限公司,新媒体专员,"【本科】视觉传达设计,【本科】广告学",2,8000-9999,本科,全职,,xiaozhao@julive.com
北京高因科技有限公司,管培生,不限专业,20,8000-9999,本科,全职,,xiaozhao@julive.com
北京高因科技有限公司,驻场专员,"【本科】食品科学与工程,【本科】食品质量与安全,【本科】生物工程,【本科】国家生命科学与技术人才培养基地（生物技术）",5,6000-7999,不限,全职,,xiaozhao@julive.com
艾康生物技术（杭州）有限公司,研发技术员,"【本科】动物医学,【本科】动物科学,【本科】食品科学与工程,【本科】食品质量与安全",5,6000-7999,硕士,全职,,ACONHR@aconlab.com.cn
艾康生物技术（杭州）有限公司,机械工程师,"【本科】机械设计制造及其自动化,【本科】机械电子工程,【本科】能源与动力工程,【本科】自动化",2,8000-9999,硕士,全职,,ACONHR@aconlab.com.cn
艾康生物技术（杭州）有限公司,液路工程师,【本科】能源与动力工程,2,8000-9999,硕士,全职,,ACONHR@aconlab.com.cn
谷川联行有限公司,招商管培生,不限专业,10,6000-7999,本科,全职,,xiaozhao@zhaoshang.net
谷川联行有限公司,税务管培生,"【本科】经济学,【本科】会计学,【本科】市场营销,【本科】国际经济与贸易",10,6000-7999,本科,全职,,xiaozhao@zhaoshang.net
谷川联行有限公司,商务经理-校招,不限专业,10,6000-7999,本科,全职,,xiaozhao@zhaoshang.net
谷川联行有限公司,渠道运营管培生,"【本科】计算机科学与技术,【本科】信息管理与信息系统,【本科】商务英语,【本科】英语",10,4500-5999,本科,全职,,xiaozhao@zhaoshang.net
谷川联行有限公司,工业地产管培生,不限专业,10,4500-5999,本科,全职,,xiaozhao@zhaoshang.net
谷川联行有限公司,企业选址管培生,不限专业,10,6000-7999,本科,全职,,xiaozhao@zhaoshang.net
武汉水之国环保科技有限公司,销售管理培训生,"【本科】国家生物学理科基地（生物科学）,【本科】国家生命科学与技术人才培养基地（生物技术）,【本科】生物工程,【本科】环境科学,【本科】环境工程,【本科】环境生态工程",15,3000-4499,本科,全职,,13247133102@163.com
武汉水之国环保科技有限公司,电子商务管理培训生,"【本科】市场营销,【本科】信息管理与信息系统",5,3000-4499,本科,全职,,13247133102@163.com
武汉水之国环保科技有限公司,污水处理项目助理,"【本科】环境生态工程,【本科】环境工程,【本科】生物工程,【本科】国家生命科学与技术人才培养基地（生物技术）,【本科】国家生物学理科基地（生物科学）,【本科】环境科学",15,3000-4499,本科,全职,,13247133102@163.com
武汉水之国环保科技有限公司,污水处理技术支持,"【本科】生物工程,【本科】国家生命科学与技术人才培养基地（生物技术）,【本科】国家生物学理科基地（生物科学）,【本科】环境科学,【本科】环境生态工程,【本科】环境工程",15,3000-4499,本科,全职,,13247133102@163.com
双胞胎（集团）股份有限公司,营销,"【本科】动物医学,【本科】动物科学,【本科】水产养殖学",20,6000-7999,本科,全职,,zhangdj@sbtjt.com
双胞胎（集团）股份有限公司,工厂,"【本科】农业机械化及其自动化,【本科】自动化,【本科】机械设计制造及其自动化",10,6000-7999,本科,全职,,zhangdj@sbtjt.com
双胞胎（集团）股份有限公司,研发,【本科】动物科学,5,8000-9999,硕士,全职,,zhangdj@sbtjt.com
双胞胎（集团）股份有限公司,养殖,"【本科】动物医学,【本科】动物科学",10,6000-7999,本科,全职,,zhangdj@sbtjt.com
智扬信达（武汉）信息技术有限公司,商务智能及数据仓库工程师,"【本科】信息与计算科学,【本科】计算机科学与技术",20,4500-5999,本科,全职,,zhaoql@jointstarc.com
智扬信达（武汉）信息技术有限公司,大数据工程师,"【本科】信息与计算科学,【本科】计算机科学与技术",20,4500-5999,本科,全职,,zhaoql@jointstarc.com
北京渔美康生物技术有限公司,技术员，业务员,"【本科】水产养殖学,【本科】水族科学与技术,【本科】动物医学,【本科】动物科学,【本科】市场营销",5,2000-2999,不限,全职,,1259085401@qq.com
武汉美捷登生物科技有限公司,文稿管理助理,"【本科】国家生物学理科基地（生物科学）,【本科】国家生命科学与技术人才培养基地（生物技术）,【本科】生物工程",6,3000-4499,本科,全职,岗位职责：围绕文章在编辑与作者之间进行协调与沟通，促进论文更快更有效的发表。  职位要求：  1) 本科及本科以上学历，生物医学相关专业； 2) 具有良好的中文写作表达能力，善于与专业人士沟通； 3) 具有良好英文读、写、听、说能力（通过国家英文六级考试者）； 4) 具有生物医学研究背景且有文章(第三作者或以上)在SCI杂志发表者将获优先考虑； 5）工作地点:武汉汉口。,hr@medjaden.com
武汉美捷登生物科技有限公司,学术支持助理,"【本科】国家生物学理科基地（生物科学）,【本科】国家生命科学与技术人才培养基地（生物技术）,【本科】生物工程",4,4500-5999,硕士,全职,岗位职责：负责文稿质量控制等；协助开展学术活动、对外联系活动；支持、配合公司其他部门的工作。 职位要求： 1) 生物医学相关专业，硕士及以上学历； 2) 有良好的学术背景和优秀的协调沟通能力，耐心细致； 3) 优秀的英文沟通能力，包括听、说、读、写； 4) 熟悉SCI刊物对于发表论文的要求、审稿及发表过程； 5) 以第一作者身份发表过SCI论文者优先考虑； 6）工作地点:武汉光谷,hr@medjaden.com
武汉美捷登生物科技有限公司,学术经理,"【本科】国家生物学理科基地（生物科学）,【本科】国家生命科学与技术人才培养基地（生物技术）,【本科】生物工程",2,6000-7999,博士,全职,岗位职责：负责进行文稿质量控制、对论文提出建设性意见等；能独立开展学术活动，进行学术讲座。 职位要求：  1) 生物、医学或药学博士学历；  2）至少以第一作者身份发表3篇SCI论文； 3）熟悉课题基金申报和中英文论文撰写；  4) 能够对外拓展合作，对内开展多部门联合项目；  5) 优秀的英文沟通能力，包括听、说、读、写；  6）	工作地点:武汉光谷,hr@medjaden.com
武汉美捷登生物科技有限公司,地区业务经理,不限专业,5,4500-5999,大专,全职,岗位职责：收集市场信息，配合公司总部调整营销计划;负责辖区内新客户的开发;对重要客户进行拜访，沟通，管理，制定合作方案； 依公司总部提供的市场计划，执行相关推广方案；负责辖区已有客户的维护。 职位要求： 1) 专科及以上学历，医学相关专业背景；  2) 有以上渠道销售工作及实习经验，有丰富客户资源者优先；  3) 有大区市场渠道开拓及管理工作及实习经验，有团队管理工作经验，业绩优秀；  4) 具有独立的分析和解决问题的能力，市场感觉敏锐，有良好的沟通技巧和组织能力；  5) 能承担较大压力； 6) 工作地点：武汉,hr@medjaden.com
武汉美捷登生物科技有限公司,电销专员,"【本科】市场营销,【本科】工商管理,【本科】广告学",4,3000-4499,本科,全职,岗位职责： 1）负责搜集新客户资料并进行沟通，开发新客户； 2）联系公司内部优质客户群体并了解客户需求，寻找销售机会并完成销售业绩； 3）挖掘客户需求，为客户推荐合适的文稿服务方案； 4）定期回访合作客户，维护老客户业务，建立良好的长期合作关系； 5）接听客户来电，解答客户疑问，与意向客户做进一步沟通； 6）定期整理公司客户名单，完成公司规定的各项汇报及市场信息反馈； 职位要求： 1）本科及以上市场营销、医学、药学等相关专业背景，英语四级； 2）1年以上电话销售经验，对销售工作有较高的热情； 3）具有独立的分析和解决问题的能力，市场感觉敏锐，有良好的沟通技巧和组织能力； 4）有良好的服务意识和强烈的进取心，较强的抗压能力； 5）工作地点：武汉光谷,hr@medjaden.com
武汉美捷登生物科技有限公司,IT高级技术人员,【本科】计算机科学与技术,2,3000-4499,本科,全职,"岗位职责：负责公司服务器管理、网站维护和开发、数据统计以及公司在线办公系统的维护与开发管理等。 职位要求： 1）能熟练操作jquery UI 和jquery Easy UI 框架技术； 2）能熟练使用Java语言，了解OFBiz者优先； 3）精通SQL2005 数据库服务器的使用、维护和管理 ,了解数据管理和数据分析的基本工具和知识； 4）掌握丰富的网络管理及HTML知识, 具备服务器维护的基本知识和技能； 5) 工作踏实，责任心强，善沟通协调，具备良好的服务意识和团队协作精神； 6）工作地点:武汉。",hr@medjaden.com
北京贝瑞和康生物技术有限公司,销售工程师,"【本科】生物工程,【本科】动物医学,【本科】农学,【本科】植物科学与技术,【本科】生物信息学",10,6000-7999,本科,全职,,zhaopin@berrygenomics.com
北京贝瑞和康生物技术有限公司,分子生物学实验员,"【本科】生物工程,【本科】植物科学与技术,【本科】农学,【本科】动物科学,【本科】动物医学",10,4500-5999,本科,全职,,zhaopin@berrygenomics.com
北京贝瑞和康生物技术有限公司,项目管理员,"【本科】农学,【本科】生物工程,【本科】植物科学与技术,【本科】植物保护,【本科】种子科学与工程",10,4500-5999,本科,全职,,zhaopin@berrygenomics.com
北京贝瑞和康生物技术有限公司,销售代表,"【本科】生物工程,【本科】农学,【本科】植物科学与技术,【本科】植物保护,【本科】食品科学与工程,【本科】食品质量与安全,【本科】园林",10,6000-7999,本科,全职,,zhaopin@berrygenomics.com
北京贝瑞和康生物技术有限公司,销售助理,不限专业,10,4500-5999,本科,全职,,zhaopin@berrygenomics.com
北京贝瑞和康生物技术有限公司,人力资源实习生,不限专业,2,2000-2999,本科,全职,,zhaopin@berrygenomics.com
明珠电气股份有限公司,技术支持,"【本科】机械电子工程,【本科】机械设计制造及其自动化,【本科】农业机械化及其自动化,【本科】能源与动力工程,【本科】自动化,【本科】市场营销",10,3000-4499,不限,全职,,13824442033@163.com
明珠电气股份有限公司,销售经理,"【本科】机械设计制造及其自动化,【本科】自动化,【本科】机械电子工程,【本科】能源与动力工程,【本科】农业机械化及其自动化",10,3000-4499,不限,全职,,13824442033@163.com
青岛蔚蓝生物集团有限公司,应用研发,"【本科】动物科学,【本科】动物医学",10,6000-7999,硕士,全职,,chujl@vlandgroup.com
青岛蔚蓝生物集团有限公司,技术商人,"【本科】动物医学,【本科】动物科学",10,6000-7999,本科,全职,,chujl@vlandgroup.com
青岛蔚蓝生物集团有限公司,技术服务,"【本科】动物医学,【本科】动物科学",2,15000-19999,博士,全职,猪营养，反刍营养,chujl@vlandgroup.com
青岛蔚蓝生物集团有限公司,动保研发,"【本科】动物医学,【本科】动物科学",6,6000-7999,硕士,全职,预防兽医，兽医,chujl@vlandgroup.com
青岛蔚蓝生物集团有限公司,生物研发,"【本科】生物工程,【本科】生物信息学",12,6000-7999,硕士,全职,生物工程，发酵，微生物，兽医，动科,chujl@vlandgroup.com
青岛蔚蓝生物集团有限公司,疫苗研发技术岗位,"【本科】动物医学,【本科】动物科学",6,6000-7999,硕士,全职,预防兽医，兽医，生物,chujl@vlandgroup.com
青岛蔚蓝生物集团有限公司,越南事业部,"【本科】水产养殖学,【本科】水族科学与技术",10,4500-5999,本科,全职,技术服务，行政类工作,chujl@vlandgroup.com
青岛蔚蓝生物集团有限公司,国际技术服务,"【本科】动物医学,【本科】动物科学",2,6000-7999,硕士,全职,国际技术服务,chujl@vlandgroup.com
青岛蔚蓝生物集团有限公司,小动物技术服务,"【本科】动物医学,【本科】动物科学",6,4500-5999,本科,全职,动物，农业类,chujl@vlandgroup.com
湖北黄冈伊利乳业有限责任公司,生产培训生,"【本科】应用化学,【本科】食品科学与工程,【本科】食品质量与安全,【本科】机械设计制造及其自动化,【本科】自动化,【本科】机械电子工程,【本科】能源与动力工程,【本科】农业机械化及其自动化",20,4500-5999,本科,全职,英语CET-4以上,lywanghan2016@yili.com
湖北黄冈伊利乳业有限责任公司,设备培训生,"【本科】机械设计制造及其自动化,【本科】自动化,【本科】机械电子工程,【本科】能源与动力工程",5,4500-5999,本科,全职,英语CET-4以上,lywanghan2016@yili.com
湖北黄冈伊利乳业有限责任公司,质量培训生,"【本科】应用化学,【本科】食品科学与工程,【本科】食品质量与安全",3,4500-5999,本科,全职,英语CET-4以上,lywanghan2016@yili.com
湖北黄冈伊利乳业有限责任公司,人力资源培训生,"【本科】人力资源管理,【本科】工商管理",2,4500-5999,本科,全职,英语CET-4以上,lywanghan2016@yili.com
南昌市国土资源勘测规划院有限公司,测量工程师,"【本科】土地资源管理,【本科】地理信息科学",10,4500-5999,本科,全职,1、熟练使用全站仪，GPS，RTK等测绘仪器； 2、熟练操作OFFICE、CAD软件，对MAPGIS、ARCGIS等软件有一定了解； 3、有地形测绘、工程测量、房产测绘、大地测量、数字城市、大型工程控制网方面实习经验者优先； 4、具有较强学习能力，良好的沟通能力，吃苦耐劳的精神及较强的团队合作精神，能够适应高强度工作节奏。,690154677@qq.com
南昌市国土资源勘测规划院有限公司,城市规划设计工程师,"【本科】地理信息科学,【本科】土地资源管理",10,4500-5999,本科,全职,1、掌握OFFICE、MapGIS、ArcGIS等专业软件的应用。 2、有土地规划、土地开发整理设计、土地节约集约评价、城市规划等领域实习经验者优先； 3、具有较强学习能力，良好的沟通能力，吃苦耐劳的精神及较强的团队合作精神，能够适应高强度工作节奏。,690154677@qq.com
南昌市国土资源勘测规划院有限公司,GIS数据工程师,"【本科】计算机科学与技术,【本科】地理信息科学",10,4500-5999,本科,全职,1、熟悉ArcGIS、AutoCAD等相关软件； 2、具有国土行业数据生产、数据库建设和数据分析工作实习经验者优先；  3、具有较强学习能力，良好的沟通能力，吃苦耐劳的精神及较强的团队合作精神，能够承担出差及驻场数据处理工作。,690154677@qq.com
南昌市国土资源勘测规划院有限公司,Java开发工程师 ,【本科】计算机科学与技术,5,4500-5999,本科,全职,"1、熟练掌握Java语言、掌握J2SE技术知识； 2、了解使用Spring,springMVC、MyBatis； Struts、Hibernate等J2EE开发框架； 3、熟悉SQL、熟悉oracle、mysql数据库,有GIS开发实习经验优先。",690154677@qq.com
南昌市国土资源勘测规划院有限公司,Web前端工程师 ,【本科】计算机科学与技术,5,4500-5999,本科,全职,1、精通各种前端技术（包括HTML/CSS/JavaScript等），熟悉ES6语法，具备跨终端（Mobile+PC）的前端开发能力，熟悉网络协议（HTTP/SSL），熟悉常见安全问题和对策； 2、熟悉前端工程化与模块化开发，并有实习经验（如gulp/webpack、VueJS/React等）； 3、对前端技术有持续的热情，良好的团队协作能力，提升团队研发效率，实现极致性能，通过创新交互优化产品体验；,690154677@qq.com
武汉巨人大学城教育培训有限责任公司,中小学语文教师,不限专业,20,10000-14999,本科,全职,线下小班教学,yukehr@whjuren.com
武汉巨人大学城教育培训有限责任公司,中小学数学教师,不限专业,20,10000-14999,本科,全职,线下小班教学,yukehr@whjuren.com
武汉巨人大学城教育培训有限责任公司,中小学英语教师,不限专业,20,10000-14999,本科,全职,线下小班教学,yukehr@whjuren.com
武汉巨人大学城教育培训有限责任公司,中学物理教师,不限专业,20,10000-14999,本科,全职,线下小班教学,yukehr@whjuren.com
武汉巨人大学城教育培训有限责任公司,中学化学教师,不限专业,20,10000-14999,本科,全职,线下小班教学,yukehr@whjuren.com
湖北城隆市政园林设计研究有限公司,园林景观设计师,"【本科】风景园林,【本科】园林,【本科】园艺",5,4500-5999,本科,全职,1、园林、园艺、土建等相关专业应届生及有相关设计工作经历者； 2、熟练使用CAD、skechup 软件，了解photoshop软件。,16397601@qq.com
湖北城隆市政园林设计研究有限公司,给排水工程设计师,【本科】环境工程,5,4500-5999,本科,全职,1、给排水专业应届生及有相关设计工作经历者； 2、熟练使用CAD（鸿业）绘图软件。,16397601@qq.com
湖北城隆市政园林设计研究有限公司,市场营销副经理,【本科】市场营销,1,6000-7999,本科,全职,1、市场营销、土建、园林等相关专业优先； 2、良好的沟通协调能力及亲和力； 3、工作积极主动、有激情； 4、有市政建筑工程相关岗位工作经验者优先。,16397601@qq.com
湖北城隆市政园林设计研究有限公司,董事长助理,【本科】经济学,1,4500-5999,本科,全职,1、经济学专业应届毕业生；2、沟通协调能力强；3、良好的文字撰写能力及语言表达能力。,16397601@qq.com
湖北城隆市政园林设计研究有限公司,工程管理,【本科】工程管理,10,3000-4499,本科,全职,1、工民建、工程管理、土木工程、园林等相关专业应届毕业生； 2、适应外地派遣工作。,16397601@qq.com
北京尚德在线教育科技有限公司,集团管培生,"【本科】信息与计算科学,【本科】自动化,【本科】机械设计制造及其自动化,【本科】机械电子工程,【本科】能源与动力工程,【本科】农业机械化及其自动化,【本科】广告学,【本科】社会学,【本科】社会工作,【本科】视觉传达设计,【本科】法学,【本科】市场营销,【本科】人力资源管理,【本科】会计学,【本科】经济学,【本科】工商管理,【本科】国际经济与贸易,【本科】农林经济管理,【本科】工程管理,【本科】信息管理与信息系统",20,8000-9999,本科,全职,,luowenchao@sunlands.com
北京尚德在线教育科技有限公司,人力资源管培生,"【本科】人力资源管理,【本科】工商管理,【本科】国际经济与贸易,【本科】市场营销,【本科】英语,【本科】社会学,【本科】社会工作,【本科】商务英语,【本科】行政管理,【本科】工程管理",10,8000-9999,本科,全职,,luowenchao@sunlands.com
北京尚德在线教育科技有限公司,新媒体运营,"【本科】广告学,【本科】视觉传达设计",3,4500-5999,本科,全职,,luowenchao@sunlands.com
北京尚德在线教育科技有限公司,讲师管培生,"【本科】会计学,【本科】工商管理,【本科】国际经济与贸易,【本科】社会学,【本科】广告学,【本科】法学,【本科】社会工作,【本科】英语,【本科】商务英语,【本科】应用化学,【本科】农学",10,8000-9999,本科,全职,,luowenchao@sunlands.com
齐鲁动物保健品有限公司,销售,"【本科】动物医学,【本科】动物科学,【本科】生物工程",20,4500-5999,本科,全职,有养殖场实习经历,qiludongbao@126.com
齐鲁动物保健品有限公司,仓储管理,"【本科】会计学,【本科】应用化学",2,4500-5999,本科,全职,,qiludongbao@126.com
齐鲁动物保健品有限公司,设备技改管理,"【本科】机械设计制造及其自动化,【本科】自动化,【本科】机械电子工程",2,4500-5999,本科,全职,,qiludongbao@126.com
齐鲁动物保健品有限公司,动力设备基础管理,"【本科】机械设计制造及其自动化,【本科】自动化,【本科】机械电子工程",4,4500-5999,本科,全职,,qiludongbao@126.com
齐鲁动物保健品有限公司,质量管理,【本科】应用化学,4,4500-5999,本科,全职,,qiludongbao@126.com
招商银行股份有限公司信用卡中心,征信岗,不限专业,5,6000-7999,本科,全职,,
招商银行股份有限公司信用卡中心,客户助理,不限专业,40,4500-5999,大专,全职,,
招商银行股份有限公司信用卡中心,征信助理,不限专业,20,4500-5999,大专,全职,,
招商银行股份有限公司信用卡中心,客户服务经营岗,不限专业,20,6000-7999,本科,全职,,
招商银行股份有限公司信用卡中心,智能服务经营助理,不限专业,40,4500-5999,大专,全职,,
招商银行股份有限公司信用卡中心,资产清收岗（贷后管理方向）,不限专业,2,6000-7999,本科,全职,,
四川特驱投资集团有限公司,产品经理,"【本科】动物医学,【本科】动物科学",4,6000-7999,硕士,全职,,tequjituan@sctequ.com
四川特驱投资集团有限公司,兽医,"【本科】动物医学,【本科】动物科学",5,6000-7999,硕士,全职,,tequjituan@sctequ.com
四川特驱投资集团有限公司,研发岗,"【本科】动物医学,【本科】动物科学",5,6000-7999,硕士,全职,,tequjituan@sctequ.com
四川特驱投资集团有限公司,养殖技术员,"【本科】动物医学,【本科】动物科学",20,4500-5999,本科,全职,,tequjituan@sctequ.com
四川特驱投资集团有限公司,技术营销,"【本科】动物医学,【本科】动物科学",10,6000-7999,本科,全职,,tequjituan@sctequ.com
武汉市园林建筑规划设计院,景观设计,【本科】风景园林,6,6000-7999,本科,全职,,100806268@qq.com
武汉市园林建筑规划设计院,景观设计,【本科】园林,4,8000-9999,本科,全职,,100806268@qq.com
江苏恒瑞医药股份有限公司,医药信息沟通专员,"【本科】食品科学与工程,【本科】食品质量与安全,【本科】国家生物学理科基地（生物科学）,【本科】生物工程,【本科】国家生命科学与技术人才培养基地（生物技术）,【本科】市场营销",15,6000-7999,本科,全职,,550851645@qq.com
江苏恒瑞医药股份有限公司,市场管培生,"【本科】国家生物学理科基地（生物科学）,【本科】国家生命科学与技术人才培养基地（生物技术）,【本科】生物工程,【本科】食品科学与工程,【本科】食品质量与安全",5,6000-7999,本科,全职,,550851645@qq.com
江苏恒瑞医药股份有限公司,商务代表,"【本科】工商管理,【本科】经济学",2,4500-5999,本科,全职,,550851645@qq.com
江苏恒瑞医药股份有限公司,人资专员,【本科】人力资源管理,2,4500-5999,本科,全职,,550851645@qq.com
江苏恒瑞医药股份有限公司,销售会计,【本科】会计学,2,4500-5999,本科,全职,,550851645@qq.com
桂林力源粮油食品集团有限公司,饲料研发,【本科】动物科学,10,8000-9999,硕士,全职,1、硕士、博士学历。2、饲料与动物营养等相关专业。3、待遇面议,hrliyuan@vip.qq.com
桂林力源粮油食品集团有限公司,养殖管理,"【本科】动物科学,【本科】动物医学,【本科】水产养殖学",8,4500-5999,本科,全职,1、本科及以上。2、待遇面议,hrliyuan@vip.qq.com
桂林力源粮油食品集团有限公司,兽医岗,"【本科】动物医学,【本科】动物科学",8,4500-5999,本科,全职,1、硕士优先。2、临床兽医、预防兽医等专业。3、待遇面议,hrliyuan@vip.qq.com
桂林力源粮油食品集团有限公司,饲料技术服务,"【本科】动物医学,【本科】动物科学,【本科】水族科学与技术,【本科】水产养殖学",10,4500-5999,不限,全职,1、畜牧或动医动科等相关专业。2、愿意从事本行业,hrliyuan@vip.qq.com
桂林力源粮油食品集团有限公司,采购仓储岗,"【本科】国际经济与贸易,【本科】市场营销",5,3000-4499,本科,全职,1、研究生待遇面议,hrliyuan@vip.qq.com
桂林力源粮油食品集团有限公司,财务管理岗,【本科】会计学,5,3000-4499,本科,全职,1、研究生待遇面议,hrliyuan@vip.qq.com
桂林力源粮油食品集团有限公司,生产岗位,"【本科】机械设计制造及其自动化,【本科】自动化,【本科】农业机械化及其自动化",10,4500-5999,本科,全职,1、研究生待遇面议,hrliyuan@vip.qq.com
武汉华农大城乡规划设计院有限公司,设计助理,"【本科】农学,【本科】农业资源与环境,【本科】园林,【本科】风景园林,【本科】园艺,【本科】土地资源管理",3,4500-5999,不限,全职,,hzausiy@126.com
湖北地宜土地房地产评估咨询有限公司,土地利用类技术岗,"【本科】地理信息科学,【本科】土地资源管理",3,4500-5999,本科,全职,,dybdc@163.com
湖北地宜土地房地产评估咨询有限公司,土地整治规划设计岗,"【本科】地理信息科学,【本科】土地资源管理",3,4500-5999,本科,全职,,dybdc@163.com
湖北地宜土地房地产评估咨询有限公司,土地/房地产评估岗,"【本科】国际经济与贸易,【本科】经济学,【本科】会计学,【本科】工商管理",4,4500-5999,不限,全职,,dybdc@163.com
浙江我武生物科技股份有限公司,研发,"【本科】国家生命科学与技术人才培养基地（生物技术）,【本科】生物工程,【本科】国家生物学理科基地（生物科学）,【本科】应用化学,【本科】农学,【本科】植物保护,【本科】植物科学与技术,【本科】动物医学,【本科】动物科学,【本科】食品科学与工程",20,8000-9999,本科,全职,,songxianrui@wolwobiotech.com
浙江我武生物科技股份有限公司,临床监察员/临床协调员,"【本科】生物工程,【本科】国家生命科学与技术人才培养基地（生物技术）,【本科】国家生物学理科基地（生物科学）,【本科】应用化学,【本科】农学,【本科】食品科学与工程,【本科】动物医学,【本科】动物科学,【本科】生物信息学",5,8000-9999,本科,全职,,songxianrui@wolwobiotech.com
浙江我武生物科技股份有限公司,市场学术推广,"【本科】农学,【本科】植物保护,【本科】植物科学与技术,【本科】种子科学与工程,【本科】国家生物学理科基地（生物科学）,【本科】国家生命科学与技术人才培养基地（生物技术）,【本科】生物工程,【本科】应用化学,【本科】环境科学,【本科】食品科学与工程,【本科】动物医学,【本科】动物科学,【本科】水产养殖学,【本科】生物信息学",5,8000-9999,本科,全职,,songxianrui@wolwobiotech.com
浙江我武生物科技股份有限公司,人力资源管培生,不限专业,5,6000-7999,本科,全职,,songxianrui@wolwobiotech.com
浙江我武生物科技股份有限公司,行政管培生,不限专业,5,6000-7999,本科,全职,,songxianrui@wolwobiotech.com
浙江我武生物科技股份有限公司,商务协调,不限专业,5,6000-7999,本科,全职,,songxianrui@wolwobiotech.com
浙江我武生物科技股份有限公司,营销管培生,不限专业,20,8000-9999,本科,全职,,songxianrui@wolwobiotech.com
浙江我武生物科技股份有限公司,财务管培生,"【本科】会计学,【本科】市场营销,【本科】经济学",2,6000-7999,本科,全职,,songxianrui@wolwobiotech.com
湖北葛店人福药业有限责任公司,医药地区经理,【本科】应用化学,10,6000-7999,本科,全职,接受驻地外派，身体健康善于言辞,hr@gdrfyy.com
湖北葛店人福药业有限责任公司,研发助理,【本科】应用化学,2,4500-5999,本科,全职,熟悉方法学开发，掌握相关仪器操作,hr@gdrfyy.com
湖北葛店人福药业有限责任公司,质量管理岗,【本科】应用化学,2,3000-4499,本科,全职,熟悉理化分析的各种仪器,hr@gdrfyy.com
武汉驾本易科技有限公司,校园经理,不限专业,5,8000-9999,不限,全职,,825276334@qq.com
武汉驾本易科技有限公司,校园主管,不限专业,20,3000-4499,不限,实习,,825276334@qq.com
武汉驾本易科技有限公司,校园实习主管,不限专业,30,2000-2999,不限,实习,,825276334@qq.com
武汉驾本易科技有限公司,考务（客服）,不限专业,3,3000-4499,不限,实习,,825276334@qq.com
武汉驾本易科技有限公司,教练员助理,不限专业,5,3000-4499,不限,实习,,825276334@qq.com
深圳市腾讯教育科技有限公司,在线辅导老师,不限专业,500,8000-9999,本科,全职,专业不限,chaksu@tencent.com
北京学而思教育科技有限公司西安分公司,在线辅导教师,不限专业,30,6000-7999,本科,全职,英语需过cet4,lihao9@100tal.com
北京粉笔未来科技有限公司,小学数学辅导老师,"【本科】经济学,【本科】市场营销,【本科】农林经济管理,【本科】人力资源管理,【本科】会计学,【本科】工商管理,【本科】国际经济与贸易,【本科】计算机科学与技术,【本科】信息管理与信息系统,【本科】机械设计制造及其自动化,【本科】自动化,【本科】机械电子工程,【本科】能源与动力工程,【本科】农业机械化及其自动化",10,4500-5999,本科,全职,,yuanfudaohr@163.com
北京粉笔未来科技有限公司,小学语文辅导老师,"【本科】张之洞班（文管）,【本科】社会学,【本科】广告学,【本科】法学,【本科】视觉传达设计,【本科】社会工作",8,4500-5999,本科,全职,,yuanfudaohr@163.com
北京粉笔未来科技有限公司,初中数学辅导老师,"【本科】经济学,【本科】工商管理,【本科】国际经济与贸易,【本科】人力资源管理,【本科】会计学,【本科】市场营销,【本科】农林经济管理,【本科】生物信息学,【本科】计算机科学与技术",8,4500-5999,本科,全职,,yuanfudaohr@163.com
北京粉笔未来科技有限公司,初中化学辅导老师,"【本科】应用化学,【本科】生物工程,【本科】国家生命科学与技术人才培养基地（生物技术）,【本科】国家生物学理科基地（生物科学）,【本科】食品质量与安全,【本科】食品科学与工程,【本科】机械设计制造及其自动化,【本科】机械电子工程,【本科】农业机械化及其自动化,【本科】能源与动力工程,【本科】自动化",8,4500-5999,本科,全职,,yuanfudaohr@163.com
北京粉笔未来科技有限公司,初中物理辅导老师,"【本科】机械设计制造及其自动化,【本科】机械电子工程,【本科】能源与动力工程,【本科】农业机械化及其自动化,【本科】自动化",8,4500-5999,本科,全职,,yuanfudaohr@163.com
北京粉笔未来科技有限公司,初中英语辅导老师,"【本科】英语,【本科】商务英语",8,4500-5999,本科,全职,,yuanfudaohr@163.com
北京粉笔未来科技有限公司,初中语文辅导老师,"【本科】社会学,【本科】广告学,【本科】法学,【本科】张之洞班（文管）,【本科】视觉传达设计,【本科】社会工作",8,4500-5999,本科,全职,,yuanfudaohr@163.com
北京粉笔未来科技有限公司,高中数学辅导老师,"【本科】机械设计制造及其自动化,【本科】自动化,【本科】机械电子工程,【本科】能源与动力工程,【本科】农业机械化及其自动化,【本科】经济学,【本科】国际经济与贸易,【本科】工商管理,【本科】人力资源管理,【本科】会计学,【本科】市场营销,【本科】农林经济管理",8,4500-5999,本科,全职,,yuanfudaohr@163.com
北京粉笔未来科技有限公司,高中物理辅导老师,"【本科】机械设计制造及其自动化,【本科】机械电子工程,【本科】农业机械化及其自动化,【本科】能源与动力工程,【本科】自动化",8,4500-5999,本科,全职,,yuanfudaohr@163.com
北京粉笔未来科技有限公司,高中化学辅导老师,"【本科】应用化学,【本科】信息与计算科学,【本科】国家生物学理科基地（生物科学）,【本科】国家生命科学与技术人才培养基地（生物技术）,【本科】生物工程",8,4500-5999,本科,全职,,yuanfudaohr@163.com
北京粉笔未来科技有限公司,高中生物辅导老师,"【本科】农学,【本科】植物保护,【本科】植物科学与技术,【本科】种子科学与工程,【本科】国家生物学理科基地（生物科学）,【本科】国家生命科学与技术人才培养基地（生物技术）,【本科】生物工程,【本科】食品科学与工程,【本科】食品质量与安全,【本科】水产养殖学,【本科】水族科学与技术,【本科】动物医学,【本科】动物科学,【本科】生物信息学,【本科】计算机科学与技术",8,4500-5999,本科,全职,,yuanfudaohr@163.com
北京粉笔未来科技有限公司,高中英语辅导老师,"【本科】英语,【本科】商务英语",8,4500-5999,本科,全职,,yuanfudaohr@163.com
北京粉笔未来科技有限公司,高中文综辅导老师,"【本科】社会学,【本科】广告学,【本科】法学,【本科】社会工作,【本科】视觉传达设计",8,4500-5999,本科,全职,,yuanfudaohr@163.com
北京粉笔未来科技有限公司,高中语文辅导老师,"【本科】社会学,【本科】社会工作,【本科】广告学,【本科】视觉传达设计,【本科】法学,【本科】张之洞班（文管）",8,4500-5999,本科,全职,,yuanfudaohr@163.com
北京粉笔未来科技有限公司,售后客服（非销售）,"【本科】经济学,【本科】人力资源管理,【本科】市场营销,【本科】农林经济管理,【本科】工商管理,【本科】会计学,【本科】国际经济与贸易",8,4500-5999,大专,全职,,yuanfudaohr@163.com
北京粉笔未来科技有限公司,课程咨询顾问,"【本科】经济学,【本科】工商管理,【本科】国际经济与贸易,【本科】会计学,【本科】人力资源管理,【本科】市场营销,【本科】农林经济管理,【本科】张之洞班（文管）",8,4500-5999,大专,全职,,yuanfudaohr@163.com
北京中公教育科技股份有限公司武汉分公司,公职考试培训讲师,不限专业,50,6000-7999,本科,全职,1、本科及以上学历，有教学经验或者突出专项能力者可优先考虑； 2、语言表达流畅，具备较强的学习能力和创新能力； 3、热爱教师职业，对工作充满热情，责任心强； 4、良好的道德修养，认同中公教育企业文化； 5、精力充沛，接受出差授课任务。,hubeizhaopin@offcn.com
北京中公教育科技股份有限公司武汉分公司,公共基础培训讲师,"【本科】社会学,【本科】社会工作,【本科】法学",20,6000-7999,本科,全职,,hubeizhaopin@offcn.com
北京中公教育科技股份有限公司武汉分公司,教师招考培训讲师,"【本科】应用化学,【本科】英语",20,6000-7999,本科,全职,,hubeizhaopin@offcn.com
北京中公教育科技股份有限公司武汉分公司,考研培训讲师,"【本科】英语,【本科】应用化学,【本科】经济学,【本科】法学",20,6000-7999,硕士,全职,,hubeizhaopin@offcn.com
北京中公教育科技股份有限公司武汉分公司,助教,不限专业,30,4500-5999,本科,全职,,hubeizhaopin@offcn.com
北京中公教育科技股份有限公司武汉分公司,管理培训生,不限专业,20,4500-5999,本科,全职,1、应届毕业生或毕业两年内，本科及以上学历； 2、班级、学生会、协会主要负责人； 3、品学兼优，具有良好的沟通、组织、协调能力，有高度的自律性和团队协作精神。 4、具有一定的社会实践经验，愿意接受新鲜事物，有创新意识，有持续的学习意愿。 5、能够接受全国出差和外派。 ,hubeizhaopin@offcn.com
北京中公教育科技股份有限公司武汉分公司,项目助理,不限专业,20,4500-5999,本科,全职,1、负责维护和开拓客户关系，包括书店、高校和社区，组建区域内营销团队，完成收入指标； 2、要求本科以上学历，市场营销及相关专业优先； 3、责任心强，富有团队精神，适应能力强，具备较强的抗压能力；,hubeizhaopin@offcn.com
武汉金牛经济发展有限公司,2019届大学生,"【本科】应用化学,【本科】环境工程,【本科】自动化,【本科】机械设计制造及其自动化,【本科】经济学,【本科】人力资源管理,【本科】市场营销,【本科】会计学,【本科】工商管理,【本科】广告学,【本科】社会学,【本科】法学,【本科】社会工作,【本科】行政管理",100,4500-5999,本科,全职,,whkbxiaoyuan@163.com
杭州优稳自动化系统有限公司,软件开发工程师,【本科】计算机科学与技术,5,10000-14999,硕士,全职,,hr@uwntek.com
杭州优稳自动化系统有限公司,软件测试工程师,"【本科】计算机科学与技术,【本科】信息与计算科学",5,6000-7999,本科,全职,,hr@uwntek.com
杭州优稳自动化系统有限公司,硬件测试工程师,"【本科】自动化,【本科】机械电子工程,【本科】农业机械化及其自动化,【本科】机械设计制造及其自动化",3,4500-5999,本科,全职,,hr@uwntek.com
杭州优稳自动化系统有限公司,商务助理,"【本科】应用化学,【本科】信息与计算科学,【本科】环境科学,【本科】地理信息科学,【本科】农业资源与环境,【本科】机械设计制造及其自动化,【本科】自动化,【本科】机械电子工程,【本科】能源与动力工程,【本科】农业机械化及其自动化,【本科】计算机科学与技术,【本科】生物信息学,【本科】食品质量与安全,【本科】食品科学与工程,【本科】生物工程,【本科】国家生命科学与技术人才培养基地（生物技术）",5,4500-5999,本科,全职,,hr@uwntek.com
杭州优稳自动化系统有限公司,售前技术支持,"【本科】自动化,【本科】机械设计制造及其自动化,【本科】机械电子工程,【本科】能源与动力工程,【本科】农业机械化及其自动化",5,6000-7999,本科,全职,,hr@uwntek.com
杭州优稳自动化系统有限公司,自控工程师,"【本科】自动化,【本科】机械电子工程,【本科】机械设计制造及其自动化",10,6000-7999,本科,全职,,hr@uwntek.com
广东天禾农资股份有限公司,作物经理,"【本科】农学,【本科】植物保护,【本科】环境科学,【本科】农业资源与环境,【本科】设施农业科学与工程,【本科】园艺",5,6000-7999,硕士,全职,热爱农业，有意愿从事农资工作,gdthhr@gd-tianhe.com
广东天禾农资股份有限公司,销售经理,不限专业,50,4500-5999,本科,全职,热爱农业，有意愿从事农资工作,gdthhr@gd-tianhe.com
广东天禾农资股份有限公司,推广经理,不限专业,50,4500-5999,本科,全职,热爱农业，有意愿从事农资工作,gdthhr@gd-tianhe.com
广东天禾农资股份有限公司,产品经理,"【本科】农学,【本科】植物保护,【本科】植物科学与技术,【本科】应用化学,【本科】环境工程,【本科】农业资源与环境,【本科】环境生态工程,【本科】环境科学,【本科】设施农业科学与工程,【本科】园艺",5,4500-5999,本科,全职,热爱农业，有意愿从事农资工作,gdthhr@gd-tianhe.com
广东天禾农资股份有限公司,商务专员,"【本科】经济学,【本科】工商管理,【本科】市场营销,【本科】农林经济管理",3,4500-5999,本科,全职,,gdthhr@gd-tianhe.com
广东天禾农资股份有限公司,行政专员,不限专业,1,4500-5999,本科,全职,,gdthhr@gd-tianhe.com
北京数字政通科技股份有限公司,项目实施工程师,"【本科】地理信息科学,【本科】环境工程,【本科】信息管理与信息系统,【本科】工程管理,【本科】计算机科学与技术,【本科】信息与计算科学",20,4500-5999,本科,全职,岗位职责： 1、负责完成项目现场服务器运行环境的安装、平台软件的安装部署工作； 2、负责完成项目现场平台软件的运维工作； 3、负责在项目现场业主沟通交流及问题反馈，并完成相关项目文档编写。 岗位要求： 1、学历：本科，计算机、通信、自动化等相关专业； 2、熟悉windows及linux操作系统，熟悉linux下基本命令的使用； 3、对oracle、sqlserver、mysql等数据库有一定的了解，能熟练安装，能使用基本的sql语句； 4、具有较强的交流、沟通能力，能承担责任和工作压力，需能适应长期出差。,hzhr@egova.com.cn
北京数字政通科技股份有限公司,售前技术工程师,"【本科】信息与计算科学,【本科】环境工程,【本科】农业资源与环境,【本科】环境科学,【本科】地理信息科学,【本科】信息管理与信息系统,【本科】计算机科学与技术",5,6000-7999,本科,全职,岗位职责：  1、提供平台软件的售前设计方案、实施方案支持，编制相关文档；  2、提供招投标方案及投标技术支持；  3、配合销售进行现场调研和技术交流；进行软件产品的技术演示及产品宣讲。  岗位要求：  1、本科及以上学历，不限专业；  2、熟悉软件系统的基本组织架构，了解服务器、存储、网络安全、网络管理等基础系统；  3、具备良好的语言与文字功底，有能力编写思路清晰的文档及宣讲 PPT；  4、能够熟练阅读相关技术文献，编写技术方案、调研报告等相关资料；  5、具有较强的交流、沟通能力，能承担责任和工作压力，需能适应频繁的出差。,hzhr@egova.com.cn
武汉澳华农牧科技有限公司,业务员,"【本科】水产养殖学,【本科】水族科学与技术,【本科】动物医学,【本科】动物科学",20,4500-5999,不限,全职,负责客户关系的维护与拓展，实时掌握客户库存情况与经营动态；,hr_wh@alphafeed.com
武汉澳华农牧科技有限公司,技术专员,"【本科】水产养殖学,【本科】水族科学与技术,【本科】动物科学,【本科】动物医学",15,6000-7999,硕士,全职,1.饲料养殖效果的跟踪和分析，解决饲料及养殖有关的突出技术问题。2.负责部门人员及营销人员的技术培训。,hr_wh@alphafeed.com
邦盟孚图品牌营销策划（武汉）有限公司,新媒体运营,"【本科】市场营销,【本科】经济学,【本科】广告学,【本科】社会学",3,3000-4499,大专,全职,,454292799@qq.com
邦盟孚图品牌营销策划（武汉）有限公司,新媒体运营,"【本科】市场营销,【本科】广告学,【本科】社会学",5,1500-1999,不限,实习,,454292799@qq.com
邦盟孚图品牌营销策划（武汉）有限公司,文案,【本科】广告学,3,4500-5999,本科,全职,,454292799@qq.com
邦盟孚图品牌营销策划（武汉）有限公司,手绘,【本科】视觉传达设计,2,1500-1999,不限,实习,,454292799@qq.com
湖北宜化集团有限责任公司,储备干部,"【本科】应用化学,【本科】机械设计制造及其自动化,【本科】机械电子工程,【本科】能源与动力工程,【本科】自动化,【本科】会计学,【本科】人力资源管理,【本科】法学,【本科】行政管理",100,3000-4499,本科,全职,,hr@hbyihua.cn
广西壮族自治区亚热带作物研究所,专业技术,"【本科】植物保护,【本科】农学,【本科】生物工程,【本科】园艺,【本科】茶学,【本科】人力资源管理,【本科】行政管理",1,4500-5999,本科,全职,本科及以上学历,gxrzs1@163.com
广西壮族自治区亚热带作物研究所,行政管理,【本科】行政管理,2,4500-5999,本科,全职,本科及以上学历,gxrzs1@163.com
广西壮族自治区亚热带作物研究所,专业技术,【本科】农学,2,4500-5999,本科,全职,本科及以上学历,gxrzs1@163.com
广西壮族自治区亚热带作物研究所,专业技术,【本科】生物工程,2,4500-5999,本科,全职,本科及以上学历,gxrzs1@163.com
广西壮族自治区亚热带作物研究所,专业技术,【本科】园艺,2,4500-5999,本科,全职,本科及以上学历,gxrzs1@163.com
广西壮族自治区亚热带作物研究所,专业技术,【本科】茶学,1,4500-5999,本科,全职,本科及以上学历,gxrzs1@163.com
广西壮族自治区亚热带作物研究所,行政管理,【本科】人力资源管理,1,4500-5999,本科,全职,本科及以上学历,gxrzs1@163.com
广西壮族自治区亚热带作物研究所,专业技术,【本科】设施农业科学与工程,1,4500-5999,本科,全职,本科及以上学历,gxrzs1@163.com
武汉绿色巨农农牧股份有限公司,管培生,不限专业,20,3000-4499,本科,全职,动物科学、畜牧兽医优先,2240468329@qq.com
武汉绿色巨农农牧股份有限公司,人力行政专员,"【本科】动物医学,【本科】动物科学,【本科】人力资源管理,【本科】工商管理,【本科】行政管理",5,3000-4499,本科,全职,,2240468329@qq.com
武汉绿色巨农农牧股份有限公司,环保员,不限专业,5,4500-5999,不限,全职,,2240468329@qq.com
武汉绿色巨农农牧股份有限公司,养猪技术员,"【本科】动物医学,【本科】动物科学",10,3000-4499,不限,全职,,2240468329@qq.com
广州影子科技有限公司,前端开发工程师,【本科】计算机科学与技术,15,10000-14999,本科,全职,,campus@yingzi.com
广州影子科技有限公司,后端开发工程师,【本科】计算机科学与技术,20,10000-14999,本科,全职,,campus@yingzi.com
广州影子科技有限公司,UED,【本科】计算机科学与技术,10,10000-14999,本科,全职,,campus@yingzi.com
广州影子科技有限公司,运维工程师,【本科】计算机科学与技术,10,10000-14999,本科,全职,,campus@yingzi.com
广州影子科技有限公司,测试工程师,【本科】计算机科学与技术,10,10000-14999,本科,全职,,campus@yingzi.com
广州影子科技有限公司,AI工程师,【本科】计算机科学与技术,10,10000-14999,硕士,全职,,campus@yingzi.com
广州影子科技有限公司,大数据研发工程师,"【本科】计算机科学与技术,【本科】信息管理与信息系统",10,10000-14999,本科,全职,,campus@yingzi.com
广州影子科技有限公司,财务,【本科】会计学,5,8000-9999,本科,全职,,campus@yingzi.com
广州影子科技有限公司,管理培训生,"【本科】行政管理,【本科】人力资源管理,【本科】市场营销,【本科】经济学,【本科】工商管理,【本科】国际经济与贸易,【本科】张之洞班（文管）,【本科】会计学,【本科】英语,【本科】商务英语,【本科】计算机科学与技术",10,8000-9999,本科,全职,,campus@yingzi.com
广东中迅农科股份有限公司,管理培训生,"【本科】植物保护,【本科】人力资源管理,【本科】市场营销,【本科】信息管理与信息系统",5,4500-5999,本科,全职,工作地点：惠州总部,zxnkhr@163.com
广东中迅农科股份有限公司,研发工程师助理,"【本科】植物保护,【本科】农学,【本科】应用化学",3,4500-5999,本科,全职,工作地点：惠州总部、荆门,zxnkhr@163.com
广东中迅农科股份有限公司,化学分析研究助理,"【本科】农学,【本科】应用化学",5,4500-5999,本科,全职,工作地点：长沙（研究院）,zxnkhr@163.com
广东中迅农科股份有限公司,合成工艺研究员,"【本科】农学,【本科】应用化学",5,4500-5999,本科,全职,工作地点：长沙（研究院）,zxnkhr@163.com
广东中迅农科股份有限公司,销售助理,"【本科】植物保护,【本科】农学,【本科】园艺,【本科】园林,【本科】应用化学,【本科】市场营销",8,4500-5999,本科,全职,工作地点：户籍所在地,zxnkhr@163.com
广东中迅农科股份有限公司,技术推广员,"【本科】植物保护,【本科】农学,【本科】应用化学,【本科】园艺",8,4500-5999,本科,全职,工作地点：全国,zxnkhr@163.com
广东中迅农科股份有限公司,产品经理助理,"【本科】植物保护,【本科】农学",5,4500-5999,本科,全职,工作地点：惠州、成都、长沙,zxnkhr@163.com
广东中迅农科股份有限公司,机械管理储干,"【本科】机械设计制造及其自动化,【本科】自动化",5,4500-5999,本科,全职,工作地点：成都、南昌、岳阳,zxnkhr@163.com
广东中迅农科股份有限公司,品管化验员,【本科】应用化学,3,4500-5999,本科,全职,工作地点：荆门、岳阳、南昌,zxnkhr@163.com
广东中迅农科股份有限公司,工艺员,【本科】应用化学,2,4500-5999,本科,全职,工作内容：岳阳,zxnkhr@163.com
湖北省种子集团有限公司,育种人员,"【本科】农学,【本科】种子科学与工程,【本科】植物保护,【本科】植物科学与技术",2,3000-4499,本科,全职,,1044541783@qq.com
湖北省种子集团有限公司,营销人员,"【本科】农学,【本科】种子科学与工程,【本科】植物保护,【本科】植物科学与技术,【本科】园艺",4,3000-4499,大专,全职,,1044541783@qq.com
湖北省种子集团有限公司,生产人员,"【本科】农学,【本科】种子科学与工程,【本科】植物保护,【本科】植物科学与技术",2,3000-4499,大专,全职,,1044541783@qq.com
武汉武大绿洲生物技术有限公司,肥料检测员,"【本科】农学,【本科】农业资源与环境,【本科】环境工程,【本科】园艺,【本科】植物保护,【本科】环境科学,【本科】应用化学,【本科】生物工程,【本科】植物科学与技术",1,3000-4499,大专,全职,,591978801@qq.com
武汉武大绿洲生物技术有限公司,肥料研发员,"【本科】农学,【本科】应用化学,【本科】环境科学,【本科】农业资源与环境,【本科】环境工程,【本科】环境生态工程,【本科】园艺,【本科】生物工程,【本科】植物科学与技术,【本科】植物保护,【本科】国家生命科学与技术人才培养基地（生物技术）",2,4500-5999,本科,全职,,591978801@qq.com
武汉武大绿洲生物技术有限公司,制剂配方研发,"【本科】农学,【本科】应用化学,【本科】环境科学,【本科】农业资源与环境,【本科】环境工程,【本科】生物工程",2,4500-5999,本科,全职,,591978801@qq.com
武汉武大绿洲生物技术有限公司,研发技术员,"【本科】国家生命科学与技术人才培养基地（生物技术）,【本科】生物工程,【本科】应用化学,【本科】环境工程,【本科】环境科学,【本科】环境生态工程,【本科】农业资源与环境",2,4500-5999,本科,全职,,591978801@qq.com
武汉武大绿洲生物技术有限公司,研发实习生,"【本科】农学,【本科】种子科学与工程,【本科】植物保护,【本科】植物科学与技术,【本科】国家生物学理科基地（生物科学）,【本科】国家生命科学与技术人才培养基地（生物技术）,【本科】生物工程,【本科】应用化学,【本科】环境科学,【本科】地理信息科学,【本科】农业资源与环境,【本科】环境生态工程,【本科】环境工程,【本科】园林,【本科】林学,【本科】设施农业科学与工程,【本科】茶学,【本科】园艺,【本科】风景园林",5,2000-2999,本科,实习,,591978801@qq.com
武汉武大绿洲生物技术有限公司,绿色防控推广员,"【本科】农学,【本科】植物保护,【本科】植物科学与技术,【本科】园林,【本科】林学,【本科】设施农业科学与工程,【本科】园艺,【本科】风景园林,【本科】茶学",5,2000-2999,本科,全职,,591978801@qq.com
武汉武大绿洲生物技术有限公司,农资业务员,不限专业,5,10000-14999,本科,全职,,591978801@qq.com
武汉武大绿洲生物技术有限公司,日化业务员,不限专业,5,10000-14999,本科,全职,,591978801@qq.com
武汉武大绿洲生物技术有限公司,办公室助理,不限专业,1,3000-4499,大专,全职,,591978801@qq.com
武汉武大绿洲生物技术有限公司,销售内勤,不限专业,1,3000-4499,大专,全职,,591978801@qq.com
武汉武大绿洲生物技术有限公司,国际贸易助理,"【本科】英语,【本科】商务英语",1,3000-4499,本科,全职,,591978801@qq.com
美好置业集团股份有限公司,基地储备主管,"【本科】农学,【本科】植物保护,【本科】植物科学与技术,【本科】种子科学与工程,【本科】设施农业科学与工程,【本科】园艺,【本科】园林,【本科】林学,【本科】茶学,【本科】风景园林,【本科】食品科学与工程,【本科】食品质量与安全,【本科】水产养殖学,【本科】水族科学与技术,【本科】动物医学,【本科】动物科学,【本科】农林经济管理,【本科】土地资源管理,【本科】生物信息学,【本科】国家生物学理科基地（生物科学）,【本科】国家生命科学与技术人才培养基地（生物技术）,【本科】生物工程,【本科】农业资源与环境,【本科】环境工程,【本科】环境生态工程",30,8000-9999,本科,全职,,zhanff@000667.com
美好置业集团股份有限公司,食品研发,"【本科】食品科学与工程,【本科】食品质量与安全,【本科】水产养殖学,【本科】水族科学与技术",20,10000-14999,硕士,全职,,zhanff@000667.com
美好置业集团股份有限公司,技术储备主管,"【本科】农学,【本科】种子科学与工程,【本科】植物保护,【本科】植物科学与技术,【本科】动物医学,【本科】动物科学,【本科】林学,【本科】园林,【本科】设施农业科学与工程,【本科】茶学,【本科】园艺,【本科】风景园林,【本科】水产养殖学,【本科】水族科学与技术",30,8000-9999,本科,全职,,zhanff@000667.com
美好置业集团股份有限公司,疾病防治,"【本科】动物医学,【本科】动物科学,【本科】水族科学与技术,【本科】水产养殖学",10,10000-14999,硕士,全职,,zhanff@000667.com
美好置业集团股份有限公司,营销,不限专业,20,10000-14999,本科,全职,,zhanff@000667.com
美好置业集团股份有限公司,技术研发,"【本科】水产养殖学,【本科】水族科学与技术",5,10000-14999,硕士,全职,,zhanff@000667.com
上海链家房地产经纪有限公司,房产经纪管培生,不限专业,20,8000-9999,本科,全职,,270858@sh.lianjia.com
天康生物股份有限公司,研发技术员,"【本科】动物医学,【本科】动物科学",15,8000-9999,硕士,全职,,teconhr@foxmail.com
天康生物股份有限公司,技术管理培训生,"【本科】动物医学,【本科】动物科学",20,4500-5999,本科,全职,,teconhr@foxmail.com
山东宝来利来生物工程股份有限公司,产品研发,"【本科】动物医学,【本科】动物科学,【本科】环境工程,【本科】生物工程,【本科】植物保护",10,4500-5999,硕士,全职,,blll96@163.com
山东宝来利来生物工程股份有限公司,技术服务,"【本科】动物医学,【本科】动物科学,【本科】植物保护,【本科】生物工程,【本科】环境工程",10,4500-5999,不限,全职,,blll96@163.com
山东宝来利来生物工程股份有限公司,销售专员,不限专业,10,4500-5999,不限,全职,,blll96@163.com
山东宝来利来生物工程股份有限公司,储备干部,不限专业,10,4500-5999,不限,全职,,blll96@163.com
武汉凌云建筑装饰工程有限公司,幕墙设计师,"【本科】机械设计制造及其自动化,【本科】农业机械化及其自动化,【本科】机械电子工程",20,3000-4499,本科,全职,,hr@lingyuncw.com
武汉凌云建筑装饰工程有限公司,工程管理,【本科】工程管理,20,3000-4499,本科,全职,,hr@lingyuncw.com
武汉凌云建筑装饰工程有限公司,翻译,"【本科】英语,【本科】商务英语,【本科】工程管理",4,3000-4499,本科,全职,,hr@lingyuncw.com
武汉凌云建筑装饰工程有限公司,法务专员,【本科】法学,2,3000-4499,本科,全职,,hr@lingyuncw.com
中国人寿保险股份有限公司武汉市分公司,综合金融客户经理,"【本科】经济学,【本科】工商管理,【本科】人力资源管理,【本科】市场营销,【本科】会计学,【本科】行政管理",30,8000-9999,本科,全职,,273048331@qq.com
中国人寿保险股份有限公司武汉市分公司,售后服务经理,"【本科】经济学,【本科】工商管理,【本科】人力资源管理,【本科】会计学,【本科】市场营销",20,6000-7999,本科,全职,,273048331@qq.com
中国人寿保险股份有限公司武汉市分公司,人事专员,"【本科】经济学,【本科】工商管理,【本科】人力资源管理,【本科】会计学,【本科】市场营销",5,4500-5999,本科,全职,,273048331@qq.com
中国人寿保险股份有限公司武汉市分公司,储备主管,"【本科】经济学,【本科】工商管理,【本科】会计学,【本科】人力资源管理,【本科】市场营销",10,8000-9999,本科,全职,,273048331@qq.com
中国人寿保险股份有限公司武汉市分公司,筹建负责人,"【本科】经济学,【本科】工商管理,【本科】人力资源管理,【本科】会计学,【本科】市场营销",2,10000-14999,本科,全职,,273048331@qq.com
武汉愿景土地咨询有限公司,土地整理技术员,"【本科】农学,【本科】地理信息科学,【本科】农业资源与环境,【本科】土地资源管理",10,4500-5999,本科,不限,无,40831129@qq.com
武汉愿景土地咨询有限公司,土地规划技术员,"【本科】农学,【本科】农业资源与环境,【本科】土地资源管理",10,4500-5999,本科,不限,无,40831129@qq.com
武汉愿景土地咨询有限公司,市场开发员,"【本科】市场营销,【本科】经济学",5,4500-5999,本科,不限,无,40831129@qq.com
武汉愿景土地咨询有限公司,数据处理技术员,"【本科】计算机科学与技术,【本科】地理信息科学,【本科】农业资源与环境",10,4500-5999,本科,不限,无,40831129@qq.com
武汉愿景土地咨询有限公司,项目负责人,"【本科】农学,【本科】地理信息科学,【本科】农业资源与环境",3,6000-7999,本科,全职,无,40831129@qq.com
武汉科诺生物科技股份有限公司,技术推广员,"【本科】植物保护,【本科】农学,【本科】植物科学与技术",5,3000-4499,本科,全职,,1105201863@qq.com
武汉科诺生物科技股份有限公司,国际业务员,"【本科】农学,【本科】植物保护,【本科】植物科学与技术,【本科】种子科学与工程,【本科】生物工程",2,4500-5999,硕士,全职,,1105201863@qq.com
广州建软科技股份有限公司武汉分公司,实施工程师,"【本科】信息管理与信息系统,【本科】工程管理,【本科】计算机科学与技术,【本科】信息与计算科学",5,4500-5999,本科,全职,,yuanjing@jrsoft.online
广州建软科技股份有限公司武汉分公司,储备项目经理,"【本科】计算机科学与技术,【本科】工程管理,【本科】信息管理与信息系统,【本科】信息与计算科学",2,4500-5999,本科,全职,,yuanjing@jrsoft.online
广州建软科技股份有限公司武汉分公司,JAVA工程师,"【本科】信息与计算科学,【本科】信息管理与信息系统,【本科】工程管理,【本科】计算机科学与技术",5,4500-5999,本科,全职,,yuanjing@jrsoft.online
广州建软科技股份有限公司武汉分公司,前端工程师,"【本科】信息与计算科学,【本科】计算机科学与技术,【本科】信息管理与信息系统,【本科】工程管理",2,4500-5999,本科,全职,,yuanjing@jrsoft.online
广州建软科技股份有限公司武汉分公司,销售专员,不限专业,5,4500-5999,不限,全职,,yuanjing@jrsoft.online
沈阳万类生物科技有限公司,英文翻译,"【本科】生物工程,【本科】农学,【本科】植物科学与技术,【本科】林学",5,6000-7999,硕士,全职,1.英语六级，雅思总分≥ 6分，托福总分≥ 90分，三项满足其一即可。,linlin.gao@wanleibio.com
沈阳万类生物科技有限公司,技术支持  （生物信息学方向）,"【本科】农学,【本科】林学,【本科】国家生命科学与技术人才培养基地（生物技术）,【本科】国家生物学理科基地（生物科学）,【本科】生物工程,【本科】生物信息学",5,6000-7999,硕士,全职,1. 有生物统计分析或生物信息学相关背景者优先考虑； 2. 研究方向为医学类且课题具有前瞻性者优先考虑； 3. 逻辑能力强。,linlin.gao@wanleibio.com
沈阳万类生物科技有限公司,技术支持,"【本科】农学,【本科】林学,【本科】国家生物学理科基地（生物科学）,【本科】国家生命科学与技术人才培养基地（生物技术）,【本科】生物工程",5,6000-7999,硕士,全职,1.生物学相关专业，硕士及以上学历； 2.熟悉常用的分子生物学，细胞生物学等相关技术； 3.学习能力强，善于总结、探索新技术。,linlin.gao@wanleibio.com
沈阳万类生物科技有限公司,基因敲除高级工程师 ,"【本科】农学,【本科】国家生物学理科基地（生物科学）,【本科】国家生命科学与技术人才培养基地（生物技术）,【本科】生物工程,【本科】林学",5,6000-7999,硕士,全职,具备大、小鼠基因敲除构建经验。,linlin.gao@wanleibio.com
沈阳万类生物科技有限公司,腺病毒包装工程师 ,"【本科】农学,【本科】国家生物学理科基地（生物科学）,【本科】国家生命科学与技术人才培养基地（生物技术）,【本科】生物工程,【本科】林学",5,6000-7999,硕士,全职,具有腺病毒制备经验。,linlin.gao@wanleibio.com
沈阳万类生物科技有限公司,单抗制备工程师 ,"【本科】农学,【本科】国家生物学理科基地（生物科学）,【本科】国家生命科学与技术人才培养基地（生物技术）,【本科】生物工程",5,6000-7999,硕士,全职,具有单抗制备经验。,linlin.gao@wanleibio.com
沈阳万类生物科技有限公司,储备项目负责人    ,"【本科】农学,【本科】国家生物学理科基地（生物科学）,【本科】国家生命科学与技术人才培养基地（生物技术）,【本科】生物工程,【本科】林学",5,6000-7999,硕士,全职,至少熟练掌握分子、蛋白、细胞、动物以及病理其中一个方向的技术。,linlin.gao@wanleibio.com
沈阳万类生物科技有限公司,实验员,"【本科】农学,【本科】国家生物学理科基地（生物科学）,【本科】国家生命科学与技术人才培养基地（生物技术）,【本科】林学,【本科】食品科学与工程",5,3000-4499,本科,全职,,linlin.gao@wanleibio.com
沈阳万类生物科技有限公司,销售工程师（生物/实验外包）,不限专业,50,6000-7999,本科,全职,,linlin.gao@wanleibio.com
沈阳万类生物科技有限公司,销售代表,不限专业,20,4500-5999,大专,全职,,linlin.gao@wanleibio.com
武汉菲沙基因信息有限公司,销售经理,"【本科】农学,【本科】国家生命科学与技术人才培养基地（生物技术）,【本科】生物工程,【本科】应用化学,【本科】生物信息学",20,8000-9999,本科,全职,1、本科及以上学历，医学、农学、生物学相关专业背景； 2、乐于从事销售工作，能承受较大的工作压力； 3、敏锐的市场感知力，熟练掌握与推广服务相关的技术知识； 4、有良好的学习能力和人际沟通能力，有很强的开拓进取精神，责任心强； 5、有生物技术服务产品的销售经验者优先。,hr@frasergen.com
武汉菲沙基因信息有限公司,大区销售经理,"【本科】农学,【本科】生物工程,【本科】应用化学,【本科】生物信息学",2,15000-19999,本科,全职,1、本科及以上学历，农学，医学、生物相关专业背景； 2、乐于从事销售工作，能承受较大的工作压力； 3、敏锐的市场感知力，熟练掌握与推广服务相关的技术知识； 4、有良好的学习能力和人际沟通能力，有很强的开拓进取精神，责任心强； 5、有2年以上测序及生物信息分析服务产品的销售经验者优先； 6、能适应出差。,hr@frasergen.com
武汉菲沙基因信息有限公司,高级生物信息学主管,"【本科】农学,【本科】生物工程,【本科】应用化学,【本科】生物信息学,【本科】计算机科学与技术",5,15000-19999,本科,全职,1、有良好的团队协作精神和领导能力； 2、基因组学、生物信息学、遗传学、计算机科学或相关学科的硕士以上学位，2年以上工作经验； 3、有熟练的英文读写能力以及较强的科技报告和学术论文写作能力； 4、具有至少以下一个方面的研究背景：基因组组装，重测序，靶向测序，宏基因组学或比较基因组学。 5、有海外教育和科研背景者优先考虑。,hr@frasergen.com
武汉菲沙基因信息有限公司,高级生物信息分析师,"【本科】农学,【本科】生物工程,【本科】应用化学,【本科】生物信息学",15,8000-9999,本科,全职,1、生物信息学、生物学、数学、物理学、化学、计算机学相关专业，本科三年以上相关工作经验或硕士一年以上相关工作经验，特别优秀可以放宽学位和工作经验要求； 2、扎实的生物信息学基础，熟练掌握高通量测序数据分析的原理、流程及常用工具； 3、熟悉Linux操作系统，掌握Shell、Perl/Python/C++/Java/R语言编程进行数据处理和统计分析的方法； 4、有较强英文文献阅读能力，具备熟练的报告文档写作能力； 5、较强的学习能力，良好的沟通与表达能力，能承受工作压力，具有团队合作精神； 6、了解生物信息算法或具备软件开发经验者优先。,hr@frasergen.com
武汉菲沙基因信息有限公司,生物信息分析师,"【本科】农学,【本科】生物工程,【本科】应用化学,【本科】生物信息学",30,8000-9999,本科,全职,1、生物信息学、生物学、数学、物理学、化学、计算机学相关专业，本科及以上学历； 2、熟悉基因组知识和常用的生物信息数据库； 3、有Perl/Python/C++/Java经验，熟悉Linux操作； 4、有较强英文文献阅读能力，具备熟练的报告文档写作能力； 5、有算法设计和软件开发经验的优先； 6、有高通量二代或三代测序数据分析经验者优先。,hr@frasergen.com
武汉菲沙基因信息有限公司,科学顾问,"【本科】农学,【本科】生物工程,【本科】生物信息学",5,15000-19999,本科,全职,1、生物相关专业，博士学历，以第一作者或通讯作者身份发表过SCI论文； 2、主导或重点参与过科研课题和项目，有基因组de novo，三维基因组和群体研究项目经验优先考虑； 3、具备优秀的科研思维，能够与重要客户进行课题思路、科学意义的讨论，并在技术层面给予客户一定地引导； 4、有较好的英文文献阅读和写作能力；有良好的分析总结能力，对科研充满热情。 5、有良好的沟通协调能力和团队协作精神，执行能力强，工作细致、严谨，好学上进，乐于接受挑战，能在较大的压力下保持良好工作状态。,hr@frasergen.com
武汉菲沙基因信息有限公司,产品经理,"【本科】农学,【本科】生物工程,【本科】应用化学,【本科】生物信息学",10,6000-7999,本科,全职,1、分子生物学、分子育种、 医学或生物信息学相关专业，硕士或以上学历； 2、有两年以上市场工作或产品工作经验，熟悉高通量测序相关技术； 3、逻辑思维能力强，对数据敏感，具备优秀的分析能力； 4、有较强的文字撰写能力，有良好的英语听说读写能力、资料检索与论文撰写能力； 5、有良好的沟通协调能力和团队协作精神，执行能力强，工作细致、严谨，好学上进，乐于接受挑战，能在较大的压力下保持良好工作状态； 6、熟练掌握Word、Excel、Powerpoint等常用办公软件。,hr@frasergen.com
武汉菲沙基因信息有限公司,软件开发工程师,"【本科】信息与计算科学,【本科】计算机科学与技术",5,6000-7999,本科,全职,"1、计算机科学，软件工程，电子信息等相关专业,全日制统招本科以上学历； 2、 熟练至少一种JAVA/C/C++等高级语言，熟练至少一种shell/python/perl/ruby等脚本语言和开发工具，熟悉SSH等主流开发框架； 3、熟悉WEB相关知识: HTML/JS/CSS等；",hr@frasergen.com
武汉桃李面包有限公司,生产储备干部,"【本科】应用化学,【本科】生物工程,【本科】食品科学与工程,【本科】食品质量与安全",5,4500-5999,本科,全职,,dlhrb_zhengmj@126.com
武汉桃李面包有限公司,设备储备干部,"【本科】机械设计制造及其自动化,【本科】自动化,【本科】机械电子工程,【本科】农业机械化及其自动化",5,4500-5999,本科,全职,,dlhrb_zhengmj@126.com
武汉桃李面包有限公司,营销储备干部,"【本科】工商管理,【本科】市场营销",10,4500-5999,本科,全职,专业不限,dlhrb_zhengmj@126.com
武汉桃李面包有限公司,财务储备干部,"【本科】会计学,【本科】国际经济与贸易",3,4500-5999,本科,全职,,dlhrb_zhengmj@126.com
武汉桃李面包有限公司,厂长助理,【本科】经济学,5,4500-5999,本科,全职,不限专业,dlhrb_zhengmj@126.com
合肥新东方外语培训学校,中小学语文教师,不限专业,30,8000-9999,本科,全职,,hfzp@xdf.cn
合肥新东方外语培训学校,中小学数学教师,不限专业,30,8000-9999,本科,全职,,hfzp@xdf.cn
合肥新东方外语培训学校,中小学英语教师,不限专业,30,8000-9999,本科,全职,（英语教师岗位要求：六级500+或专四专八通过，国外教师要求托福100+或雅思7.0+）,hfzp@xdf.cn
合肥新东方外语培训学校,中学物理教师,不限专业,30,8000-9999,本科,全职,,hfzp@xdf.cn
合肥新东方外语培训学校,中学化学教师,不限专业,30,8000-9999,本科,全职,,hfzp@xdf.cn
合肥新东方外语培训学校,中学生物教师,不限专业,5,8000-9999,本科,全职,,hfzp@xdf.cn
武汉中航传感技术有限责任公司,研发工程师,"【本科】机械设计制造及其自动化,【本科】自动化,【本科】机械电子工程,【本科】农业机械化及其自动化,【本科】计算机科学与技术,【本科】信息与计算科学",20,6000-7999,本科,全职,,waschr@163.com
武汉中航传感技术有限责任公司,工艺工程师,【本科】机械设计制造及其自动化,5,4500-5999,本科,全职,,waschr@163.com
武汉中航传感技术有限责任公司,质量工程师,"【本科】机械设计制造及其自动化,【本科】机械电子工程,【本科】农业机械化及其自动化,【本科】自动化,【本科】能源与动力工程",2,4500-5999,本科,全职,,waschr@163.com
武汉中航传感技术有限责任公司,管理人员,"【本科】工程管理,【本科】行政管理,【本科】经济学,【本科】工商管理,【本科】人力资源管理,【本科】会计学,【本科】市场营销",5,4500-5999,本科,全职,,waschr@163.com
宜昌正大有限公司,销售员,不限专业,10,8000-9999,本科,全职,1、本科及以上学历，28岁以下，专业不限； 2、热爱销售，沟通能力强、组织能力强； 3、吃苦耐劳、勤奋踏实，能适应长期出差工作环境； 4、应届毕业生亦可，党员及学生会干部优先。,729563666@qq.com
宜昌正大有限公司,人事专员,"【本科】人力资源管理,【本科】工商管理,【本科】经济学,【本科】国际经济与贸易,【本科】农林经济管理,【本科】行政管理",1,6000-7999,本科,全职,1、本科及以上学历，经济管理类相关专业； 2、组织能力强，沟通能力强，文字功底强； 3、党员及学干优先。,729563666@qq.com
宜昌正大有限公司,品管储备干部,"【本科】生物信息学,【本科】应用化学,【本科】生物工程,【本科】食品科学与工程",1,6000-7999,本科,全职,1、本科及以上学历，化学等相关专业； 2、组织能力强，沟通能力强； 3、党员及学干优先。,729563666@qq.com
宜昌正大有限公司,生产储备干部,"【本科】机械设计制造及其自动化,【本科】自动化",1,6000-7999,本科,全职,1、本科及以上学历，机械等相关专业；2、细心热忱，沟通能力强；3、应届毕业生亦可，党员及学干优先,729563666@qq.com
江苏农博生物科技有限公司,国际销售员,【本科】农学,5,4500-5999,本科,全职,1、有意从事农药/化工出口业务工作； 2、农药、化工、植保、贸易、英语等相关专业大学本科学历；（条件优秀可以考虑专科学历） 3、英语6级，较强的英语口语交流能力和书写能力； 4、擅长沟通，有亲和力，学习能力强。 5、能吃苦耐劳，有较强的沟通能力和团队合作精神。,1329797038@qq.com
江苏农博生物科技有限公司,国内销售员,【本科】农学,5,4500-5999,本科,全职,1、大学本科学历； 2、化工及化工相关专业，有从事化工产品销售工作一年以上经验者优先； 3、工作勤奋，积极向上，性格开朗，市场开拓能力强； 4、能吃苦耐劳，有较强的沟通能力和团队合作精神。,1329797038@qq.com
江苏农博生物科技有限公司,农药登记员,【本科】农学,5,4500-5999,本科,全职,1、有意从事农药境外登记工作； 2、制药、农药、植保等相关专业大学本科或研究生学历，专业知识扎实； 3、英语6级，熟悉化工、农药专业英语，较强的专业英语书面能力和一定的英语口语交流能力； 4、较强的沟通能力和资料文献查询、搜集、编写能力；,1329797038@qq.com
江苏农博生物科技有限公司,外贸助理,【本科】农学,5,4500-5999,本科,全职,1、英语四级以上，具有很强的听说写能力  2、有从事农化相关产品外销工作1年以上者优先 3、工作勤奋，性格开朗，五官端正 4、能吃苦耐劳，有较强的沟通能力和团队合作精神 5、缴纳五险一金，做五休二，可提供住宿,1329797038@qq.com
湖北盛世欣兴格力电器销售有限公司,管理培训生,"【本科】市场营销,【本科】工商管理,【本科】国际经济与贸易,【本科】机械设计制造及其自动化,【本科】机械电子工程,【本科】自动化",10,4500-5999,本科,全职,,hbgreehr@163.com
湖北盛世欣兴格力电器销售有限公司,桌面运维工程师,【本科】计算机科学与技术,2,4500-5999,本科,全职,,hbgreehr@163.com
光明牧业有限公司,畜牧兽医,"【本科】动物医学,【本科】动物科学",30,2000-2999,本科,实习,,jiangchunyang@brightdairy.com
武汉新东方培训学校,明星教师,不限专业,200,8000-9999,本科,全职,本科及以上学历 不限专业 有教师资格证优先,wh_xyzp@xdf.cn
武汉景域园林景观设计工程有限公司,景观设计师,"【本科】园林,【本科】园艺,【本科】风景园林",5,4500-5999,本科,全职,,2868056560@qq.com
武汉景域园林景观设计工程有限公司,施工图设计师,"【本科】园林,【本科】园艺,【本科】风景园林",5,4500-5999,本科,全职,,2868056560@qq.com
武汉景域园林景观设计工程有限公司,实习生,"【本科】园林,【本科】园艺,【本科】风景园林",10,1500以下,本科,全职,,2868056560@qq.com
武汉市汉阳市政建设集团公司,施工岗,"【本科】林学,【本科】园林,【本科】设施农业科学与工程,【本科】园艺,【本科】风景园林",50,50000及以上,本科,全职,,892321798@qq.com
武汉市汉阳市政建设集团公司,预算岗,"【本科】园林,【本科】林学,【本科】设施农业科学与工程,【本科】茶学,【本科】园艺,【本科】风景园林",20,50000及以上,本科,全职,,892321798@qq.com
武汉市汉阳市政建设集团公司,资料岗,"【本科】环境工程,【本科】园林,【本科】林学,【本科】设施农业科学与工程,【本科】园艺,【本科】风景园林",20,50000及以上,本科,全职,,892321798@qq.com
武汉市汉阳市政建设集团公司,经营岗,"【本科】环境工程,【本科】园艺,【本科】风景园林,【本科】茶学,【本科】设施农业科学与工程,【本科】园林,【本科】林学",20,50000及以上,本科,全职,,892321798@qq.com
武汉市汉阳市政建设集团公司,设计岗,"【本科】园林,【本科】林学,【本科】园艺,【本科】风景园林,【本科】环境工程",20,50000及以上,本科,全职,,892321798@qq.com
湖北省工业建筑集团有限公司,综合,"【本科】人力资源管理,【本科】工商管理,【本科】会计学,【本科】市场营销",20,4500-5999,本科,全职,,hicc601@126.com
青岛正大农业发展有限公司,饲料销售服务代表,不限专业,30,6000-7999,本科,全职,,zhengdaqd@126.com
青岛正大农业发展有限公司,食品销售服务代表,不限专业,20,6000-7999,本科,全职,,zhengdaqd@126.com
青岛正大农业发展有限公司,水产销售服务代表,"【本科】水产养殖学,【本科】水族科学与技术,【本科】动物科学,【本科】动物医学",20,6000-7999,本科,全职,,zhengdaqd@126.com
青岛正大农业发展有限公司,水产技术服务代表,"【本科】动物医学,【本科】动物科学,【本科】水族科学与技术,【本科】水产养殖学",10,6000-7999,本科,全职,,zhengdaqd@126.com
青岛正大农业发展有限公司,生产储备干部,"【本科】食品科学与工程,【本科】食品质量与安全,【本科】机械电子工程,【本科】能源与动力工程,【本科】农业机械化及其自动化,【本科】机械设计制造及其自动化,【本科】自动化",10,4500-5999,本科,全职,,zhengdaqd@126.com
青岛正大农业发展有限公司,原料采购员,"【本科】农学,【本科】植物保护,【本科】植物科学与技术,【本科】种子科学与工程,【本科】生物工程,【本科】食品科学与工程,【本科】食品质量与安全,【本科】动物医学,【本科】动物科学,【本科】生物信息学",5,4500-5999,本科,全职,,zhengdaqd@126.com
青岛正大农业发展有限公司,人力资源管培生,"【本科】人力资源管理,【本科】经济学,【本科】工商管理,【本科】社会学,【本科】法学,【本科】社会工作,【本科】行政管理",5,4500-5999,本科,全职,,zhengdaqd@126.com
青岛正大农业发展有限公司,财务管培生,"【本科】经济学,【本科】会计学",3,4500-5999,本科,全职,,zhengdaqd@126.com
江苏剑牌农化股份有限公司,制剂实验员,"【本科】植物保护,【本科】植物科学与技术",3,4500-5999,本科,全职,,huangyu@swordchem.com
江苏剑牌农化股份有限公司,研发实验员,【本科】应用化学,4,4500-5999,本科,全职,,huangyu@swordchem.com
江苏剑牌农化股份有限公司,安全（环保)专员,"【本科】环境科学,【本科】环境工程",2,4500-5999,本科,全职,,huangyu@swordchem.com
长江国际水利水电工程建设有限公司,工程技术人员及管理人员,"【本科】环境工程,【本科】环境生态工程,【本科】人力资源管理,【本科】张之洞班（文管）,【本科】工程管理,【本科】行政管理",9,6000-7999,本科,全职,,309897543@qq.com
河南心连心化肥有限公司,农学研究员,"【本科】农学,【本科】植物保护,【本科】植物科学与技术,【本科】应用化学",20,4500-5999,本科,全职,优秀毕业生,xlxhr@hnxlx.com.cn
河南心连心化肥有限公司,农化服务专员,"【本科】农学,【本科】植物保护,【本科】植物科学与技术",20,4500-5999,不限,全职,,xlxhr@hnxlx.com.cn
福因德科技（武汉）有限公司,研发专员,不限专业,2,3000-4499,不限,全职,,feixzh@126.com
福因德科技（武汉）有限公司,市场专员,"【本科】市场营销,【本科】国际经济与贸易",2,3000-4499,不限,全职,,feixzh@126.com
福因德科技（武汉）有限公司,信息执行官,【本科】计算机科学与技术,3,2000-2999,不限,全职,熟悉网站制作，PS，,feixzh@126.com
浙江物产金属集团有限公司,钢铁贸易,不限专业,30,6000-7999,本科,全职,,zhoujia@zmmc.com.cn
深圳本地宝新媒体技术有限公司,商务采编,"【本科】工商管理,【本科】经济学,【本科】人力资源管理,【本科】市场营销,【本科】社会学,【本科】社会工作,【本科】行政管理",30,6000-7999,本科,全职,,xuj@bendibao.com
深圳本地宝新媒体技术有限公司,编辑,"【本科】经济学,【本科】人力资源管理,【本科】市场营销,【本科】工商管理,【本科】社会学,【本科】社会工作,【本科】广告学,【本科】视觉传达设计,【本科】土地资源管理,【本科】行政管理,【本科】工程管理,【本科】计算机科学与技术",30,6000-7999,本科,全职,,xuj@bendibao.com
深圳本地宝新媒体技术有限公司,研发员,"【本科】计算机科学与技术,【本科】信息与计算科学",5,6000-7999,本科,全职,,xuj@bendibao.com
湖北科利节能科技有限公司,销售经理,"【本科】市场营销,【本科】国际经济与贸易,【本科】商务英语",20,3000-4499,本科,实习,热爱销售工作，善于沟通。,304286261@QQ.COM
湖北科利节能科技有限公司,设计员,【本科】工程管理,10,3000-4499,本科,实习,精通AUTOCAD软件，并同时熟练使用其它相关绘图软件。,304286261@QQ.COM
湖北科利节能科技有限公司,安装施工技术员,【本科】工程管理,10,3000-4499,本科,实习,精通AUTOCAD软件，并同时熟练使用其它相关绘图软件。,304286261@QQ.COM
湖北科利节能科技有限公司,机电助理工程师,"【本科】机械设计制造及其自动化,【本科】自动化,【本科】机械电子工程",2,3000-4499,本科,实习,具备有机械维修常识和操作技能者。,304286261@QQ.COM
湖北科利节能科技有限公司,外贸专员,"【本科】国际经济与贸易,【本科】商务英语",10,3000-4499,本科,实习,热爱销售工作，善于英语沟通。,304286261@QQ.COM
湖北科利节能科技有限公司,人资主管,【本科】人力资源管理,1,3000-4499,本科,实习,从事人资绩效考核、培训等管理工作3年以上经历，文字功底好。,304286261@QQ.COM
武汉迈特维尔生物科技有限公司,科研项目PI,"【本科】农学,【本科】植物保护,【本科】植物科学与技术,【本科】种子科学与工程,【本科】国家生物学理科基地（生物科学）,【本科】国家生命科学与技术人才培养基地（生物技术）,【本科】生物工程,【本科】应用化学,【本科】信息与计算科学,【本科】园林,【本科】园艺,【本科】风景园林,【本科】茶学,【本科】设施农业科学与工程,【本科】林学,【本科】动物医学,【本科】动物科学,【本科】水产养殖学,【本科】水族科学与技术,【本科】生物信息学",5,10000-14999,博士,全职,,zhengkou@metware.cn
武汉迈特维尔生物科技有限公司,生物信息分析工程师,"【本科】生物信息学,【本科】水产养殖学,【本科】水族科学与技术,【本科】动物科学,【本科】动物医学,【本科】园林,【本科】林学,【本科】食品科学与工程,【本科】食品质量与安全,【本科】园艺,【本科】风景园林,【本科】设施农业科学与工程,【本科】茶学,【本科】应用化学,【本科】农学,【本科】植物保护,【本科】植物科学与技术,【本科】种子科学与工程",5,8000-9999,硕士,全职,,zhengkou@metware.cn
武汉迈特维尔生物科技有限公司,质谱应用工程师,"【本科】应用化学,【本科】环境科学,【本科】环境工程,【本科】农业资源与环境,【本科】食品科学与工程,【本科】食品质量与安全",5,6000-7999,硕士,全职,,zhengkou@metware.cn
武汉迈特维尔生物科技有限公司,动物遗传、重测序、转录组产品经理,"【本科】农学,【本科】种子科学与工程,【本科】植物保护,【本科】植物科学与技术,【本科】生物工程,【本科】园林,【本科】林学,【本科】茶学,【本科】风景园林,【本科】园艺,【本科】食品科学与工程,【本科】食品质量与安全,【本科】动物医学,【本科】动物科学,【本科】生物信息学",5,8000-9999,硕士,全职,,zhengkou@metware.cn
武汉迈特维尔生物科技有限公司,技术支持,"【本科】农学,【本科】植物保护,【本科】植物科学与技术,【本科】种子科学与工程,【本科】应用化学,【本科】生物工程,【本科】农业资源与环境,【本科】环境工程,【本科】环境科学,【本科】生物信息学,【本科】水产养殖学,【本科】动物医学,【本科】动物科学,【本科】食品科学与工程,【本科】食品质量与安全,【本科】园林,【本科】林学,【本科】园艺,【本科】风景园林,【本科】茶学",5,4500-5999,硕士,全职,,zhengkou@metware.cn
武汉迈特维尔生物科技有限公司,宣传策划人员,不限专业,3,4500-5999,本科,全职,,zhengkou@metware.cn
武汉迈特维尔生物科技有限公司,销售经理,不限专业,20,6000-7999,本科,全职,,zhengkou@metware.cn
青岛海大生物集团有限公司,研发工程师,【本科】农业资源与环境,5,4500-5999,硕士,全职,植物保护、农药学、植物营养、农学、肥料学、生物化学类,zhaopin@coub.cn
青岛海大生物集团有限公司,试验经理,【本科】植物保护,10,4500-5999,硕士,全职,植物营养、植物保护,zhaopin@coub.cn
青岛海大生物集团有限公司,作物经理,【本科】园艺,20,3000-4499,本科,全职,"农学、园艺、植保类,全国市场",zhaopin@coub.cn
青岛海大生物集团有限公司,大客户经理,【本科】农学,5,4500-5999,硕士,全职,化工、生物、农学,zhaopin@coub.cn
青岛海大生物集团有限公司,区域销售经理,【本科】市场营销,50,3000-4499,大专,全职,农学、园艺、植保、市场营销相关专业，全国市场,zhaopin@coub.cn
青岛海大生物集团有限公司,管培生,"【本科】人力资源管理,【本科】机械设计制造及其自动化,【本科】会计学",5,3000-4499,本科,全职,会计学、人力资源、工商管理、生物工程、化工、化学类,zhaopin@coub.cn
北京国控天成科技有限公司,计算机软件工程师,"【本科】信息与计算科学,【本科】计算机科学与技术,【本科】生物信息学",10,8000-9999,本科,全职,,hr@sinocontrol.cn
北京国控天成科技有限公司,自动化实施工程师,"【本科】机械设计制造及其自动化,【本科】自动化,【本科】农业机械化及其自动化,【本科】机械电子工程",20,8000-9999,本科,全职,,hr@sinocontrol.cn
上海海鼎信息工程股份有限公司,java软件工程师,【本科】计算机科学与技术,10,8000-9999,本科,全职,,hr@hd123.com
上海海鼎信息工程股份有限公司,测试工程师,"【本科】信息管理与信息系统,【本科】计算机科学与技术,【本科】生物信息学",10,6000-7999,本科,全职,,hr@hd123.com
上海海鼎信息工程股份有限公司,储备项目经理,"【本科】信息管理与信息系统,【本科】计算机科学与技术",5,6000-7999,本科,全职,,hr@hd123.com
上海海鼎信息工程股份有限公司,产品运营,"【本科】信息管理与信息系统,【本科】计算机科学与技术",2,6000-7999,本科,全职,,hr@hd123.com
湖北兴发化工集团股份有限公司,研发及工艺类,"【本科】农学,【本科】植物保护,【本科】应用化学,【本科】农业资源与环境,【本科】食品科学与工程,【本科】食品质量与安全,【本科】水产养殖学",10,4500-5999,不限,全职,,hr@xingfagroup.com
中国葛洲坝集团水泥有限公司,环境工程师,【本科】环境工程,6,4500-5999,本科,全职,,gzbsnxz@163.com
中国葛洲坝集团水泥有限公司,机械类岗位,【本科】机械设计制造及其自动化,8,6000-7999,本科,全职,,gzbsnxz@163.com
中国葛洲坝集团水泥有限公司,市场营销,【本科】市场营销,6,6000-7999,本科,全职,,gzbsnxz@163.com
中国葛洲坝集团水泥有限公司,人力资源岗,【本科】人力资源管理,6,4500-5999,本科,全职,,gzbsnxz@163.com
北京海量数据技术股份有限公司,销售工程师,不限专业,60,6000-7999,本科,全职,销售工程师【地点：北京总部+上海、深圳分公司+其他城市】【数量：60】 你的未来： 1.销售精英：不管你选择北上广深的快节奏，还是家乡小城的慢步调，只要保持销售业绩合理增长，完成年度目标，哪里都是你施展才华的天地； 2.数据专家：引领中国数据产业的数据专家，精通数据产品，解决客户遇到的数据产品及数据服务的相关问题； 3.行业专家：用数据驱动业务创新，立足一个或多个行业，助力行业客户业务成功，在行业变化中找到未来的方向和存在感； 4.项目管理专家：运筹帷幄，统筹全局资源，按时按质实现项目成功，达成公司盈利和客户满意的目标； 5.创业合伙人：你可以作为公司代表，在投资孵化的初创企业中，导入一切可能的增值要素，助力被投企业快速发展，享受初创企业在数据时代快速成长的红利。 岗位要求： 1.致力于大数据相关产品及服务领域长期发展，对大数据、物联网、云计算、人工智能等发展有浓厚兴趣； 2.统招本科以上学历，专业不限，985、211院校优先； 3.精力充沛、认定自己与众不同； 4.喜欢具有挑战性的工作，有韧劲，渴望成功； 5.对交通、金融、制造、环保、健康等行业有一定的了解； 6.除满足上述要求外，如果你还有丰富的学生会、社团或其它实践经验，那你就是我们要找的人。,wangyun@vastdata.com.cn
安踏体育用品集团有限公司,陈列安途生,"【本科】经济学,【本科】工商管理,【本科】市场营销,【本科】视觉传达设计,【本科】广告学",5,4500-5999,本科,全职,,whhr@anta.cn
安踏体育用品集团有限公司,商品安途生,"【本科】信息与计算科学,【本科】市场营销,【本科】农林经济管理,【本科】会计学,【本科】经济学,【本科】工商管理,【本科】国际经济与贸易,【本科】人力资源管理,【本科】社会学,【本科】广告学,【本科】法学,【本科】视觉传达设计,【本科】社会工作,【本科】工程管理,【本科】信息管理与信息系统,【本科】行政管理,【本科】土地资源管理,【本科】计算机科学与技术",5,4500-5999,本科,全职,,whhr@anta.cn
安踏体育用品集团有限公司,零售安途生,"【本科】信息与计算科学,【本科】市场营销,【本科】农林经济管理,【本科】会计学,【本科】人力资源管理,【本科】国际经济与贸易,【本科】工商管理,【本科】经济学,【本科】广告学,【本科】视觉传达设计,【本科】法学,【本科】社会工作,【本科】社会学,【本科】工程管理,【本科】计算机科学与技术",10,4500-5999,本科,全职,,whhr@anta.cn
安踏体育用品集团有限公司,人力安途生,"【本科】人力资源管理,【本科】工商管理",1,4500-5999,本科,全职,,whhr@anta.cn
安踏体育用品集团有限公司,会计,【本科】会计学,1,4500-5999,本科,全职,,whhr@anta.cn
郑州大山教育科技股份有限公司,中小学英语老师,"【本科】英语,【本科】商务英语",200,8000-9999,本科,全职,无,58098385@qq.com
郑州大山教育科技股份有限公司,中小学数理化老师,"【本科】应用化学,【本科】生物信息学,【本科】农学,【本科】种子科学与工程,【本科】植物保护,【本科】植物科学与技术,【本科】生物工程",100,8000-9999,本科,全职,无,58098385@qq.com
内蒙古伊利实业集团股份有限公司长沙分公司,营销专训生,不限专业,15,6000-7999,本科,全职,专业不限 ，英语4级以上,hupan02@yili.com
内蒙古伊利实业集团股份有限公司长沙分公司,人力专训生,"【本科】人力资源管理,【本科】经济学,【本科】工商管理,【本科】国际经济与贸易,【本科】英语,【本科】商务英语",5,4500-5999,本科,全职,工商管理、人力资源专业 本科通过CET-4以上,hupan02@yili.com
中国人寿保险股份有限公司武汉市武昌区支公司,金融理财规划师,不限专业,15,6000-7999,不限,全职,,2226564515@qq.com
中国建筑第七工程局有限公司南方分公司,施工类岗位,"【本科】工程管理,【本科】土地资源管理",10,4500-5999,本科,全职,,zjqjnfgszp@163.com
中国建筑第七工程局有限公司南方分公司,职能类岗位,"【本科】人力资源管理,【本科】工商管理,【本科】会计学,【本科】社会学,【本科】社会工作,【本科】法学,【本科】英语,【本科】行政管理",5,4500-5999,本科,全职,,zjqjnfgszp@163.com
中铁十一局集团有限公司,工程管理类,"【本科】地理信息科学,【本科】工程管理",10,4500-5999,本科,全职,,zhaopincr1108@163.com
中铁十一局集团有限公司,行政管理类,"【本科】会计学,【本科】人力资源管理,【本科】经济学,【本科】法学,【本科】行政管理",10,4500-5999,本科,全职,,zhaopincr1108@163.com
浙江腾腾电气有限公司,外贸业务员,"【本科】国际经济与贸易,【本科】工商管理,【本科】英语,【本科】商务英语",10,3000-4499,本科,全职,英语四级以上，口语佳优先，有志于从事外贸行业,sales6@ttnpower.com
浙江腾腾电气有限公司,储备干部,"【本科】自动化,【本科】机械设计制造及其自动化,【本科】机械电子工程,【本科】计算机科学与技术",10,3000-4499,本科,全职,有良好的沟通能力，有团队精神，吃苦耐劳,sales6@ttnpower.com
江苏扬农化工股份有限公司,研发实验员,"【本科】应用化学,【本科】农学",5,6000-7999,本科,全职,,zhaopin@yngf.com
江苏扬农化工股份有限公司,工程设计员,"【本科】自动化,【本科】机械设计制造及其自动化,【本科】环境工程",5,6000-7999,本科,全职,,zhaopin@yngf.com
江苏扬农化工股份有限公司,工艺管理员,【本科】应用化学,5,6000-7999,本科,全职,,zhaopin@yngf.com
江苏扬农化工股份有限公司,电仪技术员,"【本科】自动化,【本科】机械设计制造及其自动化,【本科】计算机科学与技术",2,6000-7999,本科,全职,,zhaopin@yngf.com
江苏扬农化工股份有限公司,设备技术员,"【本科】机械设计制造及其自动化,【本科】自动化",2,6000-7999,本科,全职,,zhaopin@yngf.com
青岛啤酒股份有限公司湖北销售分公司,营销管理培训生,不限专业,15,4500-5999,本科,全职,,lijinyao@tsingtao.com.cn
北京童程童美科技有限公司,管理培训生,不限专业,120,8000-9999,本科,全职,,61xiaoyuan@tedu.cn
北京童程童美科技有限公司,市场活动策划,"【本科】市场营销,【本科】经济学,【本科】国际经济与贸易",30,6000-7999,本科,全职,,61xiaoyuan@tedu.cn
北京童程童美科技有限公司,课程讲师,"【本科】信息与计算科学,【本科】机械设计制造及其自动化,【本科】自动化,【本科】机械电子工程,【本科】计算机科学与技术",30,6000-7999,不限,全职,,61xiaoyuan@tedu.cn
北京童程童美科技有限公司,HRBP,【本科】人力资源管理,20,4500-5999,不限,全职,,61xiaoyuan@tedu.cn
中国电建集团江西省电力建设有限公司,人力资源管理师,"【本科】人力资源管理,【本科】工商管理",4,3000-4499,本科,全职,,jxhdjsgs@126.com
中国电建集团江西省电力建设有限公司,园林设计师,"【本科】园艺,【本科】风景园林,【本科】园林",5,3000-4499,本科,全职,,jxhdjsgs@126.com
中国电建集团江西省电力建设有限公司,概预算员,【本科】工程管理,5,4500-5999,本科,全职,,jxhdjsgs@126.com
中国电建集团江西省电力建设有限公司,电气技术员,【本科】自动化,5,4500-5999,本科,全职,,jxhdjsgs@126.com
中国电建集团江西省电力建设有限公司,环保工程师,"【本科】环境科学,【本科】环境工程,【本科】环境生态工程",2,4500-5999,本科,全职,,jxhdjsgs@126.com
湖北悦联商业管理有限公司,储备干部,不限专业,100,4500-5999,本科,全职,1.年龄在21-27周岁，全日制本科及以上学历。 2.熟练WORD， EXCEL， PPT办公软件，优秀的沟通能力，富有开拓创新意识，具有吃苦耐劳的精神。  3.思维敏捷、性格开朗、勤奋乐观，具有良好的集体荣誉感。，实事求是，有上进心，性格坚韧，思维敏捷。  4.富有工作激情和热情，学习能力强，有良好的自我约束力。 ,yuehuoli@126.com
湖北悦联商业管理有限公司,实习生,不限专业,100,3000-4499,本科,全职,1.2019届应届毕业生（大四学生） ，年龄在20-27周岁，全日制本科及以上学历。 2.熟练WORD， EXCEL， PPT办公软件，优秀的沟通能力，富有开拓创新意识，具有吃苦耐劳的精神。  3.思维敏捷、性格开朗、勤奋乐观，具有良好的集体荣誉感，实事求是，有上进心，性格坚韧，思维敏捷。  4.富有工作激情和热情，学习能力强，有良好的自我约束力。,yuehuoli@126.com
圣才电子书（武汉）有限公司,总裁助理,不限专业,3,10000-14999,本科,全职,要求：本科及以上，有责任心，执行力强，能吃苦能拼命。欢迎应届生，研究生优先。 职责：（1）主管人事，主要带领人事招聘全职、兼职及老师，确保完成招聘任务。（2）主管对外合作，主要寻找有高质量面授及网课的机构，合作与谈判。（3）主管编辑及教学，主要负责公司产品（电子书、题库、视频、直播等）质量，监督保质保量上线。 待遇：月薪8000～20000元（面议）＋提成＋公司股票（免费住宿）,sc100good@163.com
圣才电子书（武汉）有限公司,电子书项目负责人,不限专业,10,15000-19999,硕士,全职,要求：研究生，思维活跃，执行力强。不限专业。 职责：考试项目负责制，确保每种考试产品（电子书、题库、网课、直播等）的质量并及时上线。 待遇：月薪15000元（其中3000元为绩效）+提成+公司股票（免费住宿） 说明：（1）计算机、会计、工程、医学、金融等专业优先考虑。 （2）可选择北京、武汉、西安、沈阳、成都、合肥、南昌、长沙、太原、南京等公司工作，但需去北京或武汉培训（实习）三个月。,sc100good@163.com
圣才电子书（武汉）有限公司,电子书编辑助理,不限专业,20,8000-9999,本科,全职,要求：本科及以上，学习成绩良好。不限专业。 职责：辅助编辑整理电子书内容、教学安排，管理本专业网站。 待遇：应届本科生月薪6000～8000元+提成，应届研究生月薪8000～10000元+提成。,sc100good@163.com
圣才电子书（武汉）有限公司,课程顾问,不限专业,20,8000-9999,本科,全职,要求：善于沟通，特别欢迎无经验有激情的应届毕业生（不限专业）。 职责：线上为客户提供考研考证咨询服务，推荐考研考证的课程、电子书、题库、视频等。 待遇：月薪8000元（其中4000元为绩效）+业绩提成,sc100good@163.com
圣才电子书（武汉）有限公司,产品策划师,不限专业,5,6000-7999,本科,全职,要求：本科及以上，学习成绩良好。不限专业。 职责：负责公司的视频、电子书（题库）等产品的组配、包装、质量把关以及对外合作。 待遇：本科生月薪5000～8000元+业绩提成，研究生月薪8000～10000元+业绩提成。,sc100good@163.com
圣才电子书（武汉）有限公司,外联人事,不限专业,6,4500-5999,本科,全职,要求：本科，善于沟通，不限专业。 职责：招聘兼职编辑、兼职讲师、全职人员，以及办公室相关事务。 待遇：月薪4000～8000元+业绩提成,sc100good@163.com
圣才电子书（武汉）有限公司,客服专员,不限专业,10,4500-5999,本科,全职,要求：本科，做事认真细心，不限专业。 职责：负责天猫等平台的网店客户业务咨询，及网店和公司网站的用户售后处理。 待遇：本科生月薪4000～8000元+业绩提成,sc100good@163.com
圣才电子书（武汉）有限公司,网络运营,不限专业,6,4500-5999,本科,全职,要求：本科及以上，学习成绩良好。不限专业。 职责：负责公司网站产品包装、产品详情及考试资讯等内容更新、优化，以及天猫等平台的网店运营。 待遇：本科生月薪4000～8000元+业绩提成,sc100good@163.com
圣才电子书（武汉）有限公司,营销策划,不限专业,5,4500-5999,本科,全职,要求：本科，思维敏捷，不限专业。 职责：负责公司网站专题、营销活动的策划、设计和宣传，以及自媒体平台的运营管理。 待遇：本科生月薪4000～8000元+业绩提成,sc100good@163.com
圣才电子书（武汉）有限公司,网络推广,不限专业,5,4500-5999,本科,全职,要求：本科，网络熟悉，不限专业。 职责：通过网络渠道（贴吧、论坛、QQ群等），推广网站及APP，提升网站流量和咨询量。 待遇：本科生月薪4000～8000元+业绩提成,sc100good@163.com
圣才电子书（武汉）有限公司,电子书（视频）制作师,不限专业,5,4500-5999,本科,全职,要求：本科及以上，学习成绩良好。不限专业（教育技术专业优先）。 职责：电子书以及视频的制作，录课剪辑等。 待遇：本科生月薪4000～8000元，研究生月薪6000～10000元（有经验者面议）。,sc100good@163.com
圣才电子书（武汉）有限公司,电子书平台运营经理,不限专业,5,6000-7999,不限,全职,要求：本科及以上，学习成绩良好。不限专业。 职责：主要负责电子书平台频道内容的组织策划活动；邀请有优质资源的人才以及传统媒体、新媒体入驻。 待遇：月薪5000～10000元+业绩提成,sc100good@163.com
义乌潘朵电子商务有限公司,管培生（运营）,不限专业,12,4500-5999,本科,全职,1.公司储备管理岗，入职参加封闭式脱岗培训，并且在入职1年内，都会安排系统性培训 2.在公司品类、销售、供应链等部门参加轮岗培养,chunli.yan@panduo.com.cn
义乌潘朵电子商务有限公司,小语种销售运营（德/日）,不限专业,18,4500-5999,本科,全职,1.分析竞争对手，制定销售计划，完成销售任务 2.以邮件的形式，处理客户问题。,chunli.yan@panduo.com.cn
义乌潘朵电子商务有限公司,英语销售运营 ,不限专业,10,4500-5999,本科,全职,店铺掌柜（产品编辑、上架、销售、管理）,chunli.yan@panduo.com.cn
义乌潘朵电子商务有限公司,销售客服专员,不限专业,10,3000-4499,本科,全职,海外客户经理，负责客户邮件处理及客户维护管理工作。,chunli.yan@panduo.com.cn
武汉景美天成生态开发有限公司,绿化施工员,"【本科】园林,【本科】林学,【本科】设施农业科学与工程,【本科】茶学,【本科】园艺,【本科】风景园林",5,2000-2999,本科,全职,,441360085@qq.com
武汉景美天成生态开发有限公司,绿化景观资料员,"【本科】园林,【本科】林学,【本科】设施农业科学与工程,【本科】茶学,【本科】园艺,【本科】风景园林,【本科】农林经济管理",5,2000-2999,本科,全职,,441360085@qq.com
武汉景美天成生态开发有限公司,苗圃基地管理员,"【本科】园林,【本科】林学,【本科】设施农业科学与工程,【本科】茶学,【本科】园艺,【本科】风景园林",5,2000-2999,大专,全职,,441360085@qq.com
武汉景美天成生态开发有限公司,后勤助理,"【本科】人力资源管理,【本科】工商管理,【本科】农林经济管理",3,2000-2999,本科,全职,,441360085@qq.com
武汉景美天成生态开发有限公司,财务助理,【本科】会计学,3,2000-2999,本科,全职,,441360085@qq.com
武汉景美天成生态开发有限公司,采购助理,"【本科】会计学,【本科】经济学,【本科】工商管理,【本科】农林经济管理",3,2000-2999,本科,全职,,441360085@qq.com
曼迪匹艾（武汉）科技服务有限公司,英文学术期刊助理编辑,"【本科】应用化学,【本科】环境科学,【本科】地理信息科学,【本科】环境生态工程,【本科】环境工程,【本科】机械设计制造及其自动化,【本科】自动化,【本科】能源与动力工程,【本科】机械电子工程,【本科】动物科学,【本科】生物工程,【本科】食品科学与工程,【本科】食品质量与安全,【本科】计算机科学与技术",10,8000-9999,硕士,全职,1. 硕士及以上学历，相关理工科专业背景：数学物理类，资源环境类，生物医药类，材料化学类，遥感地理类，计算模拟类等； 2. 英语六级； 3. 熟练使用office办公软件； 4. 良好的语言表达能力和沟通能力，有热情，工作耐心细致。,hr-wuhan@mdpi.com
曼迪匹艾（武汉）科技服务有限公司,制作编辑,不限专业,10,4500-5999,本科,全职,1.本科及以上学历，专业不限； 2.英语四级，有较好的英语读写能力； 3.熟练word等office办公软件，有排版工作经验者优先； 4.良好的语言表达能力和沟通能力，有热情，工作耐心细致。,hr-wuhan@mdpi.com
武汉盛大神农生物工程有限公司,销售代表,不限专业,20,4500-5999,本科,全职,专业不限，正能量，责任心强，欲挑战高薪，渴望成功，有院系学生干部任职经历者优先。,shengdazhaopin@126.com
武汉盛大神农生物工程有限公司,研发工程师,"【本科】农业资源与环境,【本科】农学",2,6000-7999,硕士,全职,专业知识扎实，有创新意识和较强的管理能力。植物营养、农业资源与环境、土壤肥料学等农学类专业。,shengdazhaopin@126.com
武汉盛大神农生物工程有限公司,研发高级工程师,【本科】农业资源与环境,2,8000-9999,博士,全职,专业知识优异，有强烈的创新意识和较强的管理能力。植物营养、农业资源与环境、土壤肥料学等农学类专业。,shengdazhaopin@126.com
武汉盛大神农生物工程有限公司,技术讲师,"【本科】农学,【本科】农业资源与环境",2,6000-7999,硕士,全职,植物营养、农业资源与环境等农学类专业，擅长演讲。,shengdazhaopin@126.com
宜都市东阳光实业发展有限公司,技术员/工艺员/研究员,"【本科】生物工程,【本科】应用化学,【本科】信息与计算科学,【本科】环境工程,【本科】机械设计制造及其自动化,【本科】自动化,【本科】计算机科学与技术",20,6000-7999,本科,全职,,275956079@qq.com
广州南方测绘科技股份有限公司,责任编辑,"【本科】广告学,【本科】视觉传达设计",2,4500-5999,本科,全职,本科及以上学历，新闻、中文相关专业,hrdpt@southsurvey.com
广州南方测绘科技股份有限公司,管理培训生,"【本科】地理信息科学,【本科】土地资源管理",3,4500-5999,本科,全职,本科及以上学历，测绘、管理类专业,hrdpt@southsurvey.com
广州南方测绘科技股份有限公司,软件研发工程师,"【本科】能源与动力工程,【本科】机械设计制造及其自动化,【本科】自动化,【本科】计算机科学与技术",9,6000-7999,本科,全职,本科及以上学历，计算机/电子类/惯导定位,hrdpt@southsurvey.com
广州南方测绘科技股份有限公司,技术支持工程师,【本科】地理信息科学,18,4500-5999,本科,全职,本科及以上学历，测绘相关专业优先,hrdpt@southsurvey.com
广州南方测绘科技股份有限公司,销售工程师,"【本科】地理信息科学,【本科】土地资源管理,【本科】市场营销,【本科】国际经济与贸易",26,4500-5999,不限,全职,本科及以上学历，测绘相关专业,hrdpt@southsurvey.com
汇绿园林建设发展有限公司,景观设计师,【本科】风景园林,5,3000-4499,本科,全职,,daibei@cnhlyl.com
武汉天问生物科技有限公司,实验室技术员,"【本科】农学,【本科】种子科学与工程,【本科】国家生物学理科基地（生物科学）,【本科】植物保护,【本科】国家生命科学与技术人才培养基地（生物技术）,【本科】植物科学与技术,【本科】生物工程",6,3000-4499,不限,全职,,min_du@towinbio.com
武汉天问生物科技有限公司,研发部技术员,"【本科】国家生物学理科基地（生物科学）,【本科】国家生命科学与技术人才培养基地（生物技术）,【本科】生物工程",2,4500-5999,不限,全职,,min_du@towinbio.com
武汉天问生物科技有限公司,销售代表,"【本科】国家生物学理科基地（生物科学）,【本科】国家生命科学与技术人才培养基地（生物技术）,【本科】生物工程",2,3000-4499,不限,全职,,min_du@towinbio.com
青岛根源生物技术集团有限公司,研发工程师,"【本科】国家生物学理科基地（生物科学）,【本科】国家生命科学与技术人才培养基地（生物技术）,【本科】生物工程,【本科】食品科学与工程",10,6000-7999,硕士,全职,,hr@qdgenyuan.com
青岛根源生物技术集团有限公司,销售代表,"【本科】动物医学,【本科】动物科学,【本科】水产养殖学",10,4500-5999,本科,全职,,hr@qdgenyuan.com
青岛根源生物技术集团有限公司,养殖技术服务,"【本科】动物医学,【本科】动物科学,【本科】水产养殖学",10,4500-5999,本科,全职,,hr@qdgenyuan.com
广州基迪奥生物科技有限公司,技术支持（农/医）,"【本科】生物工程,【本科】国家生命科学与技术人才培养基地（生物技术）,【本科】农学,【本科】植物保护,【本科】植物科学与技术,【本科】种子科学与工程,【本科】动物医学,【本科】动物科学,【本科】水族科学与技术,【本科】水产养殖学",15,8000-9999,硕士,全职,详见招聘公告,resume@genedenovo.com
广州基迪奥生物科技有限公司,产品专员,"【本科】农学,【本科】植物保护,【本科】生物工程",5,6000-7999,硕士,全职,详见招聘公告,resume@genedenovo.com
广州基迪奥生物科技有限公司,实验研发技术员,"【本科】农学,【本科】植物保护,【本科】植物科学与技术,【本科】生物工程",2,6000-7999,硕士,全职,,resume@genedenovo.com
广州基迪奥生物科技有限公司,生物分析工程师,"【本科】国家生命科学与技术人才培养基地（生物技术）,【本科】生物信息学,【本科】计算机科学与技术",5,8000-9999,本科,全职,,resume@genedenovo.com
广州基迪奥生物科技有限公司,技术型销售工程师（农学/医学）,"【本科】农学,【本科】植物保护,【本科】动物医学,【本科】动物科学,【本科】水族科学与技术,【本科】水产养殖学",20,8000-9999,硕士,全职,,resume@genedenovo.com
广州基迪奥生物科技有限公司,实验室技术员,"【本科】农学,【本科】植物保护,【本科】植物科学与技术,【本科】生物工程,【本科】动物医学,【本科】动物科学,【本科】水族科学与技术,【本科】水产养殖学",10,6000-7999,本科,全职,,resume@genedenovo.com
北京百迈客生物科技有限公司,NGS销售,"【本科】农学,【本科】种子科学与工程,【本科】植物保护,【本科】植物科学与技术,【本科】生物工程,【本科】国家生命科学与技术人才培养基地（生物技术）,【本科】国家生物学理科基地（生物科学）,【本科】园林,【本科】林学,【本科】茶学,【本科】设施农业科学与工程,【本科】园艺,【本科】风景园林,【本科】动物科学,【本科】动物医学,【本科】生物信息学",10,6000-7999,硕士,全职,,lujj@biomarker.com.cn
北京百迈客生物科技有限公司,运营经理,"【本科】农学,【本科】种子科学与工程,【本科】植物保护,【本科】植物科学与技术,【本科】生物工程,【本科】国家生命科学与技术人才培养基地（生物技术）,【本科】国家生物学理科基地（生物科学）,【本科】动物医学,【本科】动物科学,【本科】生物信息学",10,4500-5999,本科,全职,,lujj@biomarker.com.cn
北京百迈客生物科技有限公司,分子实验员,"【本科】农学,【本科】种子科学与工程,【本科】植物保护,【本科】植物科学与技术,【本科】生物工程,【本科】国家生命科学与技术人才培养基地（生物技术）,【本科】国家生物学理科基地（生物科学）,【本科】动物医学,【本科】动物科学,【本科】生物信息学",10,4500-5999,本科,全职,,lujj@biomarker.com.cn
北京百迈客生物科技有限公司,生物信息工程师,【本科】生物信息学,10,6000-7999,硕士,全职,,lujj@biomarker.com.cn
中船重工中南装备有限责任公司,机械设计,"【本科】机械设计制造及其自动化,【本科】机械电子工程,【本科】农业机械化及其自动化,【本科】能源与动力工程",4,4500-5999,本科,全职,,znzb388@163.com
中船重工中南装备有限责任公司,电气设计,"【本科】机械电子工程,【本科】自动化",2,4500-5999,本科,全职,,znzb388@163.com
中船重工中南装备有限责任公司,机加工艺设计,"【本科】机械设计制造及其自动化,【本科】机械电子工程,【本科】农业机械化及其自动化",5,4500-5999,本科,全职,,znzb388@163.com
中船重工中南装备有限责任公司,环保技术研发,"【本科】应用化学,【本科】环境生态工程,【本科】环境工程",2,4500-5999,本科,全职,,znzb388@163.com
中船重工中南装备有限责任公司,经营,"【本科】机械设计制造及其自动化,【本科】机械电子工程,【本科】农业机械化及其自动化,【本科】自动化,【本科】能源与动力工程,【本科】经济学,【本科】工商管理,【本科】市场营销,【本科】国际经济与贸易,【本科】商务英语,【本科】英语",8,4500-5999,本科,全职,,znzb388@163.com
中交二航局第一工程有限公司,人力资源管理,"【本科】人力资源管理,【本科】工商管理,【本科】行政管理",5,8000-9999,本科,全职,无,1187543325@qq.com
中交二航局第一工程有限公司,环境工程,"【本科】环境科学,【本科】环境工程",5,8000-9999,本科,全职,无,1187543325@qq.com
佛山市海天调味食品股份有限公司,销售业务类,"【本科】市场营销,【本科】英语",10,6000-7999,本科,全职,本科及以上，市场营销、英语、法语、德语、西班牙语等相关专业（国内业务专业可不限）。,hthr@haday.cn
佛山市海天调味食品股份有限公司,研发技术类,"【本科】食品科学与工程,【本科】食品质量与安全,【本科】生物工程",5,8000-9999,硕士,全职,硕士以上，食品科学与工程、微生物类、发酵类、生物工 程、制糖工程等相关专业。,hthr@haday.cn
佛山市海天调味食品股份有限公司,信息智能类,【本科】计算机科学与技术,5,6000-7999,本科,全职,本科及以上，计算机科学与技术、软件工程、电气自动化等相关专业。,hthr@haday.cn
佛山市海天调味食品股份有限公司,工艺技术类,"【本科】食品科学与工程,【本科】食品质量与安全,【本科】生物工程",5,8000-9999,硕士,全职,硕士及以上，食品科学与工程、生物工程等相关专业。,hthr@haday.cn
佛山市海天调味食品股份有限公司,设备工程类,"【本科】机械设计制造及其自动化,【本科】农业机械化及其自动化,【本科】自动化",5,6000-7999,本科,全职,本科及以上，机械设计及其自动化、自动化、土木工程等相关专业。,hthr@haday.cn
佛山市海天调味食品股份有限公司,综合职能类,"【本科】人力资源管理,【本科】工商管理,【本科】会计学",5,6000-7999,本科,全职,本科及以上，管理学类、人力资源管理、会计、财务管理、新闻学、法学、设计策划类等相关专业。,hthr@haday.cn
武汉航天远景科技股份有限公司,研发工程师,"【本科】计算机科学与技术,【本科】地理信息科学",8,8000-9999,硕士,全职,,xmp@visiontek.cn
武汉航天远景科技股份有限公司,销售经理,不限专业,2,6000-7999,本科,全职,,xmp@visiontek.cn
武汉航天远景科技股份有限公司,海外销售经理,【本科】英语,1,6000-7999,本科,全职,,xmp@visiontek.cn
湖南省科域生物医药科技有限公司武汉分公司,生物/医学实验设计,"【本科】生物工程,【本科】国家生命科学与技术人才培养基地（生物技术）,【本科】国家生物学理科基地（生物科学）,【本科】动物医学,【本科】动物科学,【本科】水产养殖学",10,4500-5999,本科,实习,职责描述： 1、学习“实验设计”岗位相关培训资料 2、根据课题要求进行实验方案的初稿设计 3、根据要求对实验方案进行修改和完善,3163982396@qq.com
湖南省科域生物医药科技有限公司武汉分公司,英文翻译,"【本科】国家生物学理科基地（生物科学）,【本科】国家生命科学与技术人才培养基地（生物技术）,【本科】生物工程,【本科】动物医学,【本科】动物科学,【本科】英语,【本科】商务英语",10,4500-5999,本科,实习,岗位职责： 1. 翻译公司内部的生物医学相关材料文件 2. 参与公司内部的岗位培训，并进行技能分享 3. 技能优秀者，参与公司实习生培训工作,3163982396@qq.com
湖南省科域生物医药科技有限公司武汉分公司,生物信息学,【本科】生物信息学,10,4500-5999,本科,实习,岗位职责： 1. 生物信息学平台的搭建和优化 2. 统计类和算法类程序的开发 3. 数据库平台搭建与维护,3163982396@qq.com
湖南省科域生物医药科技有限公司武汉分公司,平面设计,"【本科】视觉传达设计,【本科】广告学",5,4500-5999,本科,实习,岗位职责： 1.根据要求对相关图片进行简单的处理、排版等； 2.完成企业内部海报，LOGO，宣传手册等设计工作； 3.负责市场部对外宣传的相关宣传资料的设计。,3163982396@qq.com
湖南省科域生物医药科技有限公司武汉分公司,生物实验员,"【本科】国家生命科学与技术人才培养基地（生物技术）,【本科】国家生物学理科基地（生物科学）,【本科】生物工程,【本科】动物医学,【本科】动物科学,【本科】水产养殖学",5,4500-5999,本科,实习,岗位职责： 按照实验设计高质量地完成分子生物学／分子医学实验，如样品提取、PCR、凝胶电泳、Western blot、染色／显色照相、质粒构建转染和表达、细胞培养、双荧光素酶报告实验、小鼠模型构建、裸鼠成瘤以及实验室日常维护工作等。,3163982396@qq.com
湖南省科域生物医药科技有限公司武汉分公司,医学信息沟通专员,不限专业,10,6000-7999,本科,实习,岗位职责： 1.贯彻公司推广方针，负责医学信息推广，提供产品学术信息，达成公司指标； 2.客户的开发与日常维护，相关专家的维护与联络； 3.收集汇总市场医学信息，做出合适分析及建议； 4.与客户建立良好关系，保持公司形象； 5.能严格管理自己的业务行为，确保日常销售工作全部遵循公司政策、行业准则及相关法律法规。,3163982396@qq.com
中原地产代理（深圳）有限公司,策划管理培训生,不限专业,15,6000-7999,本科,全职,,campus@centaline.com.cn
中原地产代理（深圳）有限公司,职能管培生,不限专业,10,6000-7999,硕士,全职,,campus@centaline.com.cn
中原地产代理（深圳）有限公司,研究员,不限专业,5,6000-7999,硕士,全职,,campus@centaline.com.cn
中原地产代理（深圳）有限公司,企划专员,"【本科】工商管理,【本科】国际经济与贸易,【本科】市场营销,【本科】经济学,【本科】社会学,【本科】社会工作,【本科】广告学,【本科】行政管理,【本科】工程管理,【本科】信息管理与信息系统",2,6000-7999,本科,全职,,campus@centaline.com.cn
中原地产代理（深圳）有限公司,助理发展顾问,不限专业,10,6000-7999,本科,全职,,campus@centaline.com.cn
中原地产代理（深圳）有限公司,数据分析专员,"【本科】经济学,【本科】工商管理,【本科】市场营销,【本科】国际经济与贸易,【本科】工程管理,【本科】行政管理,【本科】信息管理与信息系统",2,6000-7999,本科,全职,,campus@centaline.com.cn
中原地产代理（深圳）有限公司,招聘专员,【本科】人力资源管理,2,6000-7999,本科,全职,,campus@centaline.com.cn
中原地产代理（深圳）有限公司,培训发展专员,"【本科】人力资源管理,【本科】工商管理,【本科】国际经济与贸易,【本科】市场营销,【本科】社会学,【本科】社会工作,【本科】行政管理,【本科】工程管理",2,6000-7999,本科,全职,,campus@centaline.com.cn
中原地产代理（深圳）有限公司,员工关系专员,【本科】人力资源管理,2,6000-7999,本科,全职,,campus@centaline.com.cn
中原地产代理（深圳）有限公司,网络编辑,"【本科】广告学,【本科】视觉传达设计,【本科】社会工作,【本科】社会学,【本科】工商管理,【本科】市场营销",2,6000-7999,本科,全职,,campus@centaline.com.cn
中原地产代理（深圳）有限公司,内容运营专员,"【本科】广告学,【本科】视觉传达设计,【本科】社会工作,【本科】社会学,【本科】工商管理,【本科】国际经济与贸易,【本科】市场营销,【本科】工程管理",2,6000-7999,本科,全职,,campus@centaline.com.cn
中原地产代理（深圳）有限公司,活动运营专员,"【本科】社会学,【本科】社会工作,【本科】广告学,【本科】视觉传达设计,【本科】市场营销,【本科】国际经济与贸易,【本科】工商管理,【本科】工程管理",2,6000-7999,本科,全职,,campus@centaline.com.cn
中原地产代理（深圳）有限公司,市场调研专员,"【本科】市场营销,【本科】国际经济与贸易,【本科】工商管理,【本科】广告学,【本科】视觉传达设计,【本科】社会学,【本科】社会工作,【本科】工程管理",2,6000-7999,本科,全职,,campus@centaline.com.cn
北京中科海讯数字科技股份有限公司,硬件工程师,"【本科】计算机科学与技术,【本科】信息与计算科学",6,10000-14999,硕士,全职,1.熟悉数字电路设计； 2.熟悉Layout; 3.了解Linux或其他嵌入式系统； 4.有DSP/FPGA/网络交换硬件设计经验者优先。,rlzyb@zhongkehaixun.com
北京中科海讯数字科技股份有限公司,软件工程师,"【本科】信息与计算科学,【本科】计算机科学与技术",6,10000-14999,硕士,全职,1.精通C语言，熟悉应用C++软件开发工具，编写和调试C/C++程序； 2.有良好的语言组织能力，能够在开发的过程中独立完成相关文档的编写； 3.对ARM、PowerPC、DSP等处理器的硬件工作原理有较深入得理解，能参与硬件相关的底层软件开发与调试； 4.能够熟练阅读和理解英文资料； 5.具备软件工程知识，具有良好、规范的编程习惯和技术文档编写习惯。,rlzyb@zhongkehaixun.com
北京中科海讯数字科技股份有限公司,逻辑工程师,"【本科】信息与计算科学,【本科】计算机科学与技术",6,10000-14999,硕士,全职,"1.熟练使用仿真工具和调试工具； 2.熟练至少一门硬件描述语言； 3.熟悉ADC/DAC接口逻辑设计； 4.熟悉DDR接口和各类高速接口，如SRIO,Ethernet等；",rlzyb@zhongkehaixun.com
北京中科海讯数字科技股份有限公司,雷达仿真算法工程师,"【本科】信息与计算科学,【本科】计算机科学与技术",2,10000-14999,硕士,全职,1.电子信息类、电气类专业； 2.愿意从事雷达电子对抗专业，有志于国防建设； 3.掌握雷达及电子对抗专业相关知识； 4.熟练掌握C++、Matlab等软件；,rlzyb@zhongkehaixun.com
北京中科海讯数字科技股份有限公司,雷达信号处理软件工程师,【本科】计算机科学与技术,2,10000-14999,硕士,全职,愿意从事雷达电子对抗专业，有志于国防建设；  1.掌握雷达及电子对抗专业相关知识； 2.熟练掌握C++、Matlab等软件；,rlzyb@zhongkehaixun.com
北京中科海讯数字科技股份有限公司,C++软件工程师,"【本科】信息与计算科学,【本科】计算机科学与技术",3,10000-14999,硕士,全职,1.愿意从事雷达电子对抗专业，有志于国防建设 2.具有较强的软硬件开发能力； 3.熟练掌握C++编程； 4.具有雷达专业知识者优先。,rlzyb@zhongkehaixun.com
北京中科海讯数字科技股份有限公司,虚拟现实软件工程师,"【本科】信息与计算科学,【本科】计算机科学与技术",3,10000-14999,硕士,全职,1.电子信息类、计算机软件类、理学类，本科及以上学历； 2.愿意从事雷达电子对抗专业，有志于国防建设 3.具有较强的软硬件开发能力； 4.熟练掌握C++编程； 5.具有雷达专业知识者优先。,rlzyb@zhongkehaixun.com
北京中科海讯数字科技股份有限公司,软件研发工程师,【本科】计算机科学与技术,4,10000-14999,硕士,全职,1、本科及以上学历，软件工程或电子信息等相关专业。 2、熟练掌握 C语言编程，熟悉 Vxworks、QT者优先，有相关界面开发经验者优先。 3、具有良好文档编写能力。 4、具备良好的沟通与团队协作能力,rlzyb@zhongkehaixun.com
北京中科海讯数字科技股份有限公司,机械结构设计师,"【本科】机械设计制造及其自动化,【本科】自动化",2,10000-14999,硕士,全职,1、负责参与信号处理机机箱的结构和散热设计方案制定；  2、负责信号处理机箱的散热结构仿真；  3、负责机箱结构安装调试。 职位要求：  1、本科以上学历，机械设计制造及其自动化专业； 2、熟练使用solidworks、autocade、ansys等软件；  3、具有良好团队意识肯协作能力。,rlzyb@zhongkehaixun.com
北京中科海讯数字科技股份有限公司,声纳算法工程师,【本科】计算机科学与技术,2,10000-14999,硕士,全职,1.硕士及以上学历，水声工程或电子信息、信号处理等相关专业； 2.熟练使用matlab，C语言，熟悉数字信号处理算法原理或声纳算法及技术； 3.具有良好的文档编写能力； 4.工作踏实，具有团队合作意识； 5.具备良好的沟通与团队协作能力； 爱好：篮球，足球等各项体育运动 注：硕士优先考虑，优秀的本科生也可考虑,rlzyb@zhongkehaixun.com
北京中科海讯数字科技股份有限公司,通信信号截获分析算法工程师,【本科】计算机科学与技术,2,10000-14999,硕士,全职,1、硕士及以上学历，通信对抗、电子对抗或通信信息系统等相关专业。 2、掌握通信信号侦察、信道盲均衡等相关的算法，具有相关项目经验者优先。 3、熟练掌握Matlab编程、通信系统仿真软件。 4、具有良好文档编写能力。 5、具备良好的沟通与团队协作能力。,rlzyb@zhongkehaixun.com
北京中科海讯数字科技股份有限公司,数字信号处理软件工程师,【本科】计算机科学与技术,2,10000-14999,硕士,全职,1、本科及以上学历，水声工程或电子信息、信号处理等相关专业。 2、掌握数字信号处理常用算法或声纳相关技术。 3、熟练掌握 Matlbe、C语言编程。 4、具有良好文档编写能,rlzyb@zhongkehaixun.com
北京中科海讯数字科技股份有限公司,软件工程师,"【本科】自动化,【本科】计算机科学与技术",2,10000-14999,硕士,全职,1.本科及以上学历； 2.计算机，通讯，自动化及相关专业； 3.精通C、C++编程，有一定的Socket网络编程经验； 4.熟悉Linux系统，有一定的Linux系统开发经验； 5.熟悉oracle数据库，能够进行数据库维护、开发、优化； 6.动手能力较强，乐于发现、分析和解决复杂问题，能够快速适应迅速变化的环境和任务要求； 7.具有良好的编程习惯，代码简洁优美。,rlzyb@zhongkehaixun.com
北京中科海讯数字科技股份有限公司,嵌入式开发工程师,"【本科】自动化,【本科】计算机科学与技术",4,10000-14999,硕士,全职,"1、参与公司嵌入式主机产品研发的全生命周期，提供技术和质量上的保障； 2、负责嵌入式软件架构设计、代码编写、代码测试等开发相关工作； 3、完成功能调试，分析并解决开发中出现的问题； 4、配合完成性能、稳定性等软件优化工作； 5、参与产品持续集成、持续交付、持续部署的流程设计和建设，工具的打建和开发。 任职要求： 1、本科及以上学历，电子、通信、计算机或自动化相关专业； 2、精通 C/C++ 编程技术，熟悉嵌入式软件开发流程，掌握常用的开发调试方法，具有一定的软件架 构设计能力； 3、熟悉 ARM 体系架构及 Linux 内核，具备嵌入式系统软件（BSP, Driver等 ）开发经验； 4、熟悉 vxworks 操作系统，有多核并行处理开发经验优先； 5、对技术有热情，思路清晰，刻苦专研； 6、有良好的代码编写习惯，具有编写技术文档的能力和习惯，能够阅读外文技术文档。",rlzyb@zhongkehaixun.com
北京天融信科技有限公司,WEB前端开发工程师,"【本科】计算机科学与技术,【本科】信息与计算科学",10,4500-5999,本科,全职,此招聘为武汉分公司招聘,wang_zheng@topsec.com.cn
北京天融信科技有限公司,Linux C开发工程师,"【本科】计算机科学与技术,【本科】信息与计算科学",10,4500-5999,本科,全职,此招聘为武汉分公司招聘,wang_zheng@topsec.com.cn
北京天融信科技有限公司,测试开发工程师,"【本科】计算机科学与技术,【本科】信息与计算科学",5,4500-5999,本科,全职,此招聘为武汉分公司招聘,wang_zheng@topsec.com.cn
山东七河生物科技股份有限公司,储备技术员,"【本科】植物保护,【本科】植物科学与技术,【本科】生物工程",20,3000-4499,本科,全职,,349347840@qq.com
山东七河生物科技股份有限公司,实验出菇管理员,"【本科】植物保护,【本科】植物科学与技术,【本科】生物工程",20,3000-4499,本科,全职,,349347840@qq.com
山东七河生物科技股份有限公司,赴日留学生,不限专业,20,10000-14999,不限,全职,,349347840@qq.com
方大集团股份有限公司,设计管培生（土木/机械/力学）,"【本科】机械设计制造及其自动化,【本科】农业机械化及其自动化,【本科】机械电子工程",100,8000-9999,本科,全职,,527811019@qq.com
方大集团股份有限公司,工程管培生,"【本科】工程管理,【本科】机械电子工程,【本科】农业机械化及其自动化,【本科】机械设计制造及其自动化",100,8000-9999,本科,全职,,527811019@qq.com
方大集团股份有限公司,预结算工程师,【本科】工程管理,20,8000-9999,本科,全职,,527811019@qq.com
方大集团股份有限公司,机械工程师,"【本科】机械设计制造及其自动化,【本科】机械电子工程,【本科】农业机械化及其自动化",10,8000-9999,本科,全职,,527811019@qq.com
方大集团股份有限公司,计划工程师,不限专业,10,6000-7999,本科,全职,,527811019@qq.com
方大集团股份有限公司,采购工程师,不限专业,10,6000-7999,本科,全职,,527811019@qq.com
方大集团股份有限公司,人事专员,不限专业,10,6000-7999,本科,全职,,527811019@qq.com
方大集团股份有限公司,会计,【本科】会计学,10,8000-9999,本科,全职,,527811019@qq.com
方大集团股份有限公司,法务专员,【本科】法学,10,6000-7999,本科,全职,,527811019@qq.com
方大集团股份有限公司,市场专员,不限专业,10,8000-9999,本科,全职,,527811019@qq.com
武汉龙阳大洋百货有限公司,楼面管理,"【本科】经济学,【本科】工商管理,【本科】国际经济与贸易,【本科】市场营销",3,4500-5999,本科,全职,,31626742@qq.com
武汉龙阳大洋百货有限公司,企划美工策划,"【本科】视觉传达设计,【本科】广告学",2,4500-5999,本科,全职,,31626742@qq.com
盛景国信（北京）生态园林有限公司,园林工程师,"【本科】园林,【本科】风景园林",30,6000-7999,本科,全职,六险一金,jingph@sinooceangroup.com
盛景国信（北京）生态园林有限公司,财务专员,"【本科】会计学,【本科】工商管理,【本科】经济学",2,6000-7999,本科,全职,六险一金,jingph@sinooceangroup.com
廊坊京御房地产开发有限公司,金鹰计划”营销管培生,不限专业,5,8000-9999,本科,全职,1、协助进行项目计划管理，跟踪销售数据，监控销售进度；  2、协助进行销售案场管理；  3、协助项目营销策划方案制订，管理推广渠道。,zhuxiaoling1@cfldcn.com
安徽荃银高科种业股份有限公司,科研技术员,【本科】农学,5,8000-9999,硕士,全职,硕士及以上学历，主要从事水稻科研相关工作，如新品种的转育及选育试验示范、新材料引进、试种鉴定等。农学、遗传育种等相关专业，有大田作物科研实践经验者优先。,491995534@qq.com
安徽荃银高科种业股份有限公司,科研高层次人才,【本科】农学,3,10000-14999,博士,全职,博士学历，1、开展基因组学和分子育种研究，建设基因编辑平台，创制具有实际应用价值的新种质和新品种。 2、作物（水稻等）功能基因解析与育种应用,491995534@qq.com
安徽荃银高科种业股份有限公司,业务经理,"【本科】农学,【本科】植物保护,【本科】市场营销,【本科】农林经济管理",10,6000-7999,本科,全职,本科及以上学历，主要从事开发客户、种子销售工作。市场营销或农学相关专业。,491995534@qq.com
安徽荃银高科种业股份有限公司,生产技术员,"【本科】农学,【本科】植物保护,【本科】植物科学与技术,【本科】种子科学与工程",5,6000-7999,本科,全职,本科及以上学历，主要从事新组合试制、制种新技术试验具体操作；负责制种基地的技术指导及监督实施；做好田间检查记录，建立生产档案；做好种子的收购和入库登记工作等。,491995534@qq.com
襄阳新东方培训学校,小学全科教师,不限专业,15,6000-7999,本科,全职,,xyhr@xdf.cn
襄阳新东方培训学校,初高中全科教师,不限专业,15,6000-7999,本科,全职,,xyhr@xdf.cn
襄阳新东方培训学校,托福、雅思教师,不限专业,10,4500-5999,本科,全职,,xyhr@xdf.cn
中国人寿保险股份有限公司武汉市江汉区支公司,筹建负责人,不限专业,3,10000-14999,不限,全职,,12921071@qq.com
中国人寿保险股份有限公司武汉市江汉区支公司,国寿广发综合金融理财规划师,不限专业,20,8000-9999,不限,全职,,12921071@qq.com
中国人寿保险股份有限公司武汉市江汉区支公司,人事助理,不限专业,5,3000-4499,不限,全职,,12921071@qq.com
中国人寿保险股份有限公司武汉市江汉区支公司,内勤专员,不限专业,3,3000-4499,不限,全职,,12921071@qq.com
武汉拜施普生物科技有限公司,销售专员,"【本科】农学,【本科】植物科学与技术,【本科】国家生命科学与技术人才培养基地（生物技术）,【本科】生物工程,【本科】动物科学,【本科】水族科学与技术",3,6000-7999,本科,全职,,2933420945@qq.com
武汉拜施普生物科技有限公司,技术支持,"【本科】农学,【本科】植物科学与技术,【本科】国家生命科学与技术人才培养基地（生物技术）,【本科】生物工程,【本科】动物科学,【本科】水族科学与技术",1,6000-7999,硕士,全职,,2933420945@qq.com
武汉拜施普生物科技有限公司,实验员,"【本科】农学,【本科】生物工程,【本科】国家生命科学与技术人才培养基地（生物技术）",1,3000-4499,本科,全职,,2933420945@qq.com
武汉拜施普生物科技有限公司,行政前台,不限专业,1,3000-4499,大专,全职,,2933420945@qq.com
荆州市东进农牧有限公司,饲养员,【本科】农学,3,3000-4499,大专,全职,,qindongl@dongjin-cn.com
荆州市东进农牧有限公司,食品研发员,【本科】食品质量与安全,1,3000-4499,本科,全职,,qindongl@dongjin-cn.com
武汉多特联合动物医疗有限公司,医生助理,"【本科】动物医学,【本科】动物科学,【本科】农学,【本科】生物工程",20,4500-5999,不限,全职,动物医学相关专业毕业，有宠物医院实习工作经验的可优先录取,635317277@qq.com
武汉多特联合动物医疗有限公司,宠物医生,"【本科】动物医学,【本科】动物科学",5,15000-19999,本科,全职,国家认可执业兽医，本科以上学历，3~5年以上工作经验，有团队感，有持续学习能力，服从上级安排，有一定管理能力。,635317277@qq.com
上海欢乐草环境发展股份有限公司,管理培训生,不限专业,5,4500-5999,本科,全职,,yulifeng@happygrass.cn
天域生态环境股份有限公司,,"【本科】农学,【本科】农学,【本科】林学,【本科】风景园林,【本科】食品科学与工程,【本科】人力资源管理，【本科】工商管理",50,不限,不限,--请选择--,,
宜昌人福药业有限责任公司,,"【本科】生物科学,【本科】生物技术,【本科】应用化学,【本科】机械设计制造及自动化,【本科】食品科学与工程,【本科】人力资源管理，【本科】工商管理，【本科】机械电子工程，【本科】自动化，【本科】市场营销，【本科】会计学",40,不限,不限,--请选择--,,
明星宠物医院,,【本科】动物医学,5,不限,不限,--请选择--,,
广东美宜佳便利店有限公司,,【本科】专业不限,60,不限,不限,--请选择--,,
广州市诚一水产养殖有限公司,技术代表、客户代表、项目经理、实验员、生产储备干部,,38,不限,不限,--请选择--,,
深圳波顿香料有限公司,,【本科】食品工程、【本科】化学化工、【本科】应用化学、【本科】化学分析、【本科】生物技术、【本科】生物化学、【本科】植物化学,30,不限,不限,--请选择--,,
深圳市茵诺圣生物科技有限公司,研发助理、品质管理员、办公职员、外贸销售,,,不限,不限,--请选择--,,
正大食品企业（上海）有限公司湖北分公司,,食品科学与技术、动物医学、水产养殖、管理类与市场营销,,不限,不限,--请选择--,,
良品铺子股份有限公司,,食品质量、工商管理类、电子商务、信息管理类、统计学相关专业,22,不限,不限,--请选择--,,
富美实（中国）投资有限公司,管理培训生；技术推广员；销售代表,农学、植保,20,不限,不限,--请选择--,,
兴昂国际有限公司,,管理学、 人力资源、行政、经济学、设计、物流、英语,101,不限,不限,--请选择--,,
武汉亚非种业有限公司,,园艺、植保、设施工程,15,不限,不限,--请选择--,,
安徽国祯环保节能科技股份有限公司,,环境类、机电类、工程类、管理类,50,不限,不限,--请选择--,,
北京大北农生物技术有限公司,,农学、植保、生物技术等相关,3,不限,不限,--请选择--,,
湖南艾科瑞生物工程有限公司,,生物工程、生物技术、生物科学、信息/行政管理,29,不限,不限,--请选择--,,
湖北三江航天万山特种车辆有限公司,,机械设计及制造、会计、电气自动化、计算机,20,不限,不限,--请选择--,,
华中农业大学动物医院,动物医师、动物医师助理、药剂师,【本科】动物医学,15,不限,不限,--请选择--,,
恒大园林集团有限公司,采购管理类、园林设计类、工程管理类、养护管理类、综合管理类,"不限专业,【本科】园林,【本科】风景园林,【本科】农学,【本科】种子科学与工程,【本科】植物保护,【本科】植物科学与技术,【本科】林学,【本科】设施农业科学与工程,【本科】园艺",190,不限,不限,--请选择--,,
